5,163840,2050,-18.327249999046327,5.95,3.48,0.0,0.0,2.0803861916065216,1.995,0.355,0.22,0.0,0.01,0.055,0.13,0.7027027027027027
10,327680,3681,-18.275749959945678,6.125,3.69,0.0,0.0,0.7342512756586075,0.7,0.335,0.135,0.0,0.055,0.1,0.145,0.5918367346938775
15,491520,5252,-17.96074996948242,6.45,3.87,0.0,0.0,0.5878742765635252,0.25,0.345,0.16,0.0,0.135,0.06,0.185,0.7551020408163265
20,655360,6745,-17.851500058174132,6.68,4.01,0.0,0.0,0.39893331192433834,0.22,0.395,0.065,0.0,0.23,0.1,0.16,0.6153846153846154
25,819200,8252,-17.99949987411499,6.525,3.9,0.0,0.0,0.5689239501953125,0.24,0.44,0.105,0.0,0.18,0.095,0.16,0.6274509803921569
30,983040,9758,-17.953500084877014,6.48,3.965,0.0,0.0,0.4546717181801796,0.13,0.395,0.14,0.0,0.155,0.085,0.14,0.6222222222222222
35,1146880,11128,-17.986750059127807,6.58,4.03,0.0,0.0,0.4068585876375437,0.165,0.37,0.09,0.0,0.215,0.085,0.085,0.5
40,1310720,12498,-17.868749995231628,6.705,3.865,0.0,0.0,0.4184322915971279,0.13,0.47,0.115,0.0,0.225,0.08,0.125,0.6097560975609756
45,1474560,13853,-17.813499913215637,6.72,4.01,0.0,0.0,0.2907652286812663,0.19,0.485,0.105,0.0,0.125,0.13,0.145,0.5272727272727272
50,1638400,15111,-17.634249997138976,6.975,3.92,0.0,0.0,0.2394514186307788,0.215,0.525,0.065,0.0,0.215,0.12,0.125,0.5102040816326531
55,1802240,16464,-17.46950011253357,7.165,4.01,0.0,0.0,0.5358244683593512,0.215,0.535,0.08,0.0,0.275,0.16,0.16,0.5
60,1966080,17938,-17.007999958992006,7.625,4.245,0.0,0.0,0.37606607377529144,0.29,0.575,0.145,0.0,0.345,0.175,0.17,0.4927536231884058
65,2129920,19433,-16.64975000858307,8.015,4.345,0.0,0.0,0.6357838995754719,0.245,0.575,0.14,0.0,0.385,0.15,0.12,0.4444444444444444
70,2293760,20910,-16.60925003051758,7.75,4.33,0.0,0.0,0.5715450868010521,0.225,0.585,0.115,0.0,0.355,0.115,0.195,0.6290322580645161
75,2457600,22354,-16.390999994277955,8.195,4.38,0.0,0.0,0.6551577709615231,0.26,0.595,0.085,0.0,0.45,0.145,0.165,0.532258064516129
80,2621440,23815,-16.471750102043153,8.03,4.465,0.0,0.0,0.44245101884007454,0.29,0.57,0.09,0.0,0.365,0.16,0.14,0.4666666666666667
85,2785280,25267,-16.42950005531311,8.055,4.44,0.0,0.0,0.41980453953146935,0.205,0.66,0.05,0.0,0.385,0.135,0.155,0.5344827586206896
90,2949120,26691,-16.101000037193298,8.515,4.51,0.0,0.0,0.45421029068529606,0.24,0.635,0.12,0.0,0.545,0.145,0.135,0.48214285714285715
95,3112960,28164,-16.52124994754791,7.93,4.44,0.0,0.0,0.4877984616905451,0.205,0.585,0.095,0.0,0.385,0.16,0.115,0.41818181818181815
100,3276800,29596,-16.110500020980837,8.37,4.43,0.0,0.0,0.5398679785430431,0.28,0.6,0.095,0.0,0.54,0.19,0.15,0.4411764705882353
105,3440640,31030,-16.138500027656555,8.46,4.615,0.0,0.0,0.6529381182044744,0.215,0.565,0.08,0.0,0.485,0.16,0.16,0.5
110,3604480,32462,-16.4175,8.23,4.505,0.005,0.0,0.5876794550567865,0.21,0.57,0.065,0.0,0.455,0.12,0.15,0.5555555555555556
115,3768320,33863,-16.354750027656554,8.3,4.49,0.0,0.0,0.6304186955094337,0.205,0.625,0.125,0.0,0.475,0.13,0.105,0.44680851063829785
120,3932160,35189,-16.599500045776367,7.96,4.385,0.0,0.0,0.49217454716563225,0.18,0.585,0.095,0.0,0.375,0.12,0.145,0.5471698113207547
125,4096000,36537,-16.540250005722047,8.05,4.41,0.0,0.0,0.4908875413239002,0.195,0.61,0.045,0.0,0.435,0.13,0.15,0.5357142857142857
130,4259840,37913,-16.522250032424928,8.055,4.475,0.0,0.0,0.4950383882969618,0.14,0.475,0.1,0.0,0.45,0.09,0.16,0.64
135,4423680,39325,-16.870749979019166,7.78,4.295,0.0,0.0,0.4554308298975229,0.18,0.505,0.075,0.0,0.39,0.13,0.18,0.5806451612903226
140,4587520,40734,-16.140499997138978,8.39,4.63,0.0,0.0,0.5300528109073639,0.21,0.605,0.075,0.0,0.425,0.145,0.12,0.4528301886792453
145,4751360,42155,-16.159000005722046,8.57,4.51,0.0,0.0,0.5476771146059036,0.155,0.54,0.04,0.0,0.575,0.1,0.195,0.6610169491525424
150,4915200,43583,-16.34875006198883,8.335,4.595,0.0,0.0,0.49469795636832714,0.16,0.515,0.095,0.0,0.575,0.115,0.16,0.5818181818181818
155,5079040,45028,-16.11825008869171,8.485,4.595,0.0,0.0,0.4448162820190191,0.24,0.62,0.1,0.0,0.44,0.145,0.16,0.5245901639344263
160,5242880,46483,-16.09774998664856,8.46,4.605,0.0,0.0,0.4266266394406557,0.16,0.54,0.09,0.0,0.49,0.11,0.165,0.6
165,5406720,47911,-15.847000036239624,8.575,4.715,0.0,0.0,0.587412066757679,0.21,0.625,0.09,0.0,0.505,0.13,0.13,0.5
170,5570560,49322,-16.044750080108642,8.69,4.7,0.0,0.0,0.49674692191183567,0.225,0.55,0.09,0.0,0.58,0.115,0.195,0.6290322580645161
175,5734400,50745,-15.911500005722045,8.69,4.63,0.0,0.0,0.5030259266495705,0.17,0.625,0.13,0.0,0.525,0.115,0.165,0.5892857142857143
180,5898240,52193,-15.834999938011169,8.715,4.685,0.0,0.0,0.5531546827405691,0.21,0.535,0.135,0.0,0.56,0.125,0.19,0.6031746031746031
185,6062080,53666,-16.428500022888183,8.06,4.475,0.0,0.0,0.6594533398747444,0.18,0.585,0.06,0.0,0.36,0.105,0.2,0.6557377049180327
190,6225920,55109,-16.058749980926514,8.405,4.515,0.0,0.0,0.46588958241045475,0.2,0.6,0.13,0.0,0.415,0.115,0.215,0.6515151515151515
195,6389760,56542,-16.23950002193451,8.325,4.485,0.0,0.0,0.5491456091403961,0.16,0.575,0.1,0.0,0.5,0.075,0.18,0.7058823529411765
200,6553600,57945,-16.12224998474121,8.625,4.76,0.0,0.0,0.5781142376363277,0.21,0.48,0.115,0.0,0.58,0.1,0.135,0.574468085106383
205,6717440,59310,-15.968000001907349,8.465,4.64,0.0,0.0,0.5752727836370468,0.445,0.285,0.135,0.0,0.45,0.16,0.195,0.5492957746478874
210,6881280,60692,-15.401500062942505,9.14,4.84,0.0,0.0,0.5826268792152405,0.445,0.225,0.155,0.0,0.675,0.11,0.235,0.6811594202898551
215,7045120,62039,-15.626999955177308,8.93,4.72,0.005,0.0,0.6899662911891937,0.525,0.235,0.18,0.0,0.555,0.11,0.23,0.6764705882352942
220,7208960,63406,-15.779250092506409,8.725,4.64,0.0,0.0,0.7511700987815857,0.45,0.21,0.175,0.0,0.575,0.085,0.225,0.7258064516129032
225,7372800,64809,-15.946500058174133,8.38,4.505,0.0,0.0,0.6280658096075058,0.505,0.175,0.145,0.0,0.515,0.13,0.195,0.6
230,7536640,66177,-15.770750007629395,8.625,4.67,0.0,0.0,0.6722346358001232,0.455,0.16,0.155,0.0,0.425,0.115,0.17,0.5964912280701754
235,7700480,67537,-15.32375002861023,9.11,4.855,0.0,0.0,0.8337933607399464,0.54,0.15,0.175,0.0,0.68,0.14,0.15,0.5172413793103449
240,7864320,68909,-15.154499979019166,9.18,4.82,0.0,0.0,0.795954953879118,0.59,0.18,0.205,0.0,0.655,0.13,0.195,0.6
245,8028160,70296,-15.726250066757203,8.83,4.835,0.0,0.0,0.672644030302763,0.66,0.175,0.17,0.0,0.515,0.11,0.225,0.6716417910447762
250,8192000,71664,-15.606749949455262,8.72,4.67,0.005,0.0,0.6822684407234192,0.83,0.13,0.385,0.0,0.425,0.105,0.155,0.5961538461538461
255,8355840,73035,-15.341250019073486,9.035,4.885,0.015,0.0,0.7262446992099285,1.235,0.11,0.285,0.0,0.505,0.1,0.22,0.6875
260,8519680,74388,-14.673000011444092,9.525,5.095,0.005,0.0,0.8114790581166744,1.945,0.155,0.245,0.0,0.67,0.085,0.215,0.7166666666666667
265,8683520,75696,-14.351750030517579,9.665,5.195,0.0,0.0,0.838720615953207,2.69,0.135,0.205,0.0,0.73,0.075,0.165,0.6875
270,8847360,77005,-14.819000024795532,9.46,5.16,0.01,0.0,0.8911453932523727,3.48,0.145,0.15,0.0,0.71,0.085,0.225,0.7258064516129032
275,9011200,78276,-13.71675013065338,10.35,5.495,0.015,0.0,1.0363448150455952,4.24,0.205,0.16,0.0,0.825,0.12,0.155,0.5636363636363636
280,9175040,79499,-13.2335000705719,10.36,5.625,0.035,0.0,1.1272765845060349,4.845,0.24,0.21,0.0,0.795,0.095,0.15,0.6122448979591837
285,9338880,80693,-12.796749985218048,10.775,5.8,0.035,0.0,5.674762427806854,5.48,0.165,0.185,0.0,0.895,0.12,0.215,0.6417910447761194
290,9502720,81916,-14.06674994945526,9.89,5.435,0.03,0.0,1.2662943080067635,5.445,0.215,0.215,0.0,0.67,0.105,0.205,0.6612903225806451
295,9666560,83120,-13.765750126838684,10.11,5.385,0.035,0.0,1.2940969616174698,5.815,0.225,0.215,0.0,0.81,0.13,0.245,0.6533333333333333
300,9830400,84312,-13.182000079154967,10.935,5.995,0.03,0.0,1.1057198569178581,6.335,0.18,0.16,0.0,0.925,0.105,0.22,0.676923076923077
305,9994240,85520,-12.98149998664856,10.545,5.705,0.015,0.0,1.0274010673165321,6.11,0.25,0.18,0.0,0.85,0.055,0.23,0.8070175438596491
310,10158080,86713,-12.758249974250793,10.63,5.945,0.065,0.0,0.9583288133144379,6.265,0.155,0.17,0.0,0.735,0.1,0.235,0.7014925373134329
315,10321920,87882,-12.994249982833862,10.675,5.79,0.045,0.0,0.9980598017573357,6.28,0.18,0.16,0.0,0.83,0.14,0.235,0.6266666666666667
320,10485760,89034,-13.11875005722046,10.545,5.965,0.03,0.0,1.0407972000539303,6.41,0.245,0.125,0.0,0.78,0.095,0.23,0.7076923076923077
325,10649600,90218,-12.615499968528747,10.985,5.81,0.04,0.0,1.1047814674675465,6.34,0.25,0.145,0.0,1.14,0.125,0.23,0.647887323943662
330,10813440,91393,-12.960500020980835,10.755,5.865,0.04,0.0,1.0946186482906342,6.22,0.17,0.12,0.0,0.86,0.08,0.295,0.7866666666666666
335,10977280,92528,-12.18550006866455,11.255,6.035,0.035,0.0,0.9820106588304043,6.595,0.19,0.23,0.0,0.98,0.115,0.275,0.7051282051282052
340,11141120,93687,-12.906500029563905,10.64,5.77,0.04,0.0,0.9972283281385899,6.25,0.155,0.165,0.0,0.835,0.085,0.25,0.746268656716418
345,11304960,94840,-12.515499935150146,10.95,5.95,0.07,0.0,1.0665415413677692,6.545,0.265,0.185,0.0,0.935,0.105,0.21,0.6666666666666666
350,11468800,95988,-12.347250046730041,10.725,5.925,0.06,0.0,1.2747590318322182,6.4,0.2,0.175,0.0,0.87,0.075,0.225,0.75
355,11632640,97133,-12.395249948501586,10.805,5.895,0.065,0.0,1.132720522582531,6.4,0.18,0.175,0.0,0.91,0.105,0.245,0.7
360,11796480,98285,-12.043749990463256,10.965,5.95,0.025,0.0,1.2025079131126404,6.71,0.325,0.19,0.0,0.945,0.115,0.275,0.7051282051282052
365,11960320,99419,-11.397750043869019,11.375,6.195,0.09,0.0,1.1656696051359177,6.75,0.185,0.215,0.0,1.035,0.135,0.245,0.6447368421052632
370,12124160,100575,-11.363500008583069,11.405,6.12,0.115,0.0,1.1807558164000511,6.975,0.295,0.225,0.0,1.06,0.13,0.225,0.6338028169014085
375,12288000,101736,-12.087250080108642,11.085,6.13,0.055,0.0,1.1577513292431831,6.705,0.15,0.155,0.0,0.88,0.1,0.335,0.7701149425287356
380,12451840,102871,-12.392000002861023,10.7,5.785,0.045,0.0,1.352139227092266,6.38,0.195,0.18,0.0,0.88,0.095,0.215,0.6935483870967742
385,12615680,104017,-10.844249987602234,11.515,6.375,0.09,0.0,1.3547171503305435,7.01,0.225,0.22,0.0,0.93,0.12,0.27,0.6923076923076923
390,12779520,105159,-12.262250185012817,10.73,5.705,0.065,0.0,1.3754265159368515,6.275,0.175,0.18,0.0,0.93,0.08,0.245,0.7538461538461538
395,12943360,106289,-12.163000073432922,10.84,5.92,0.08,0.0,1.216830164194107,6.73,0.195,0.17,0.0,0.81,0.085,0.19,0.6909090909090909
400,13107200,107413,-10.907250027656556,11.365,6.195,0.12,0.0,1.4311922639608383,6.95,0.225,0.3,0.0,1.035,0.075,0.27,0.782608695652174
405,13271040,108546,-11.787499980926514,10.95,6.025,0.085,0.0,1.4150592386722565,6.69,0.23,0.2,0.0,0.83,0.07,0.235,0.7704918032786885
410,13434880,109660,-10.9975,11.475,6.315,0.105,0.0,1.3111103624105453,7.005,0.205,0.165,0.0,0.915,0.07,0.27,0.7941176470588235
415,13598720,110743,-11.91925000667572,11.13,6.055,0.085,0.0,1.4068897739052773,6.6,0.28,0.225,0.0,1.055,0.075,0.285,0.7916666666666666
420,13762560,111848,-11.076500029563904,11.365,6.21,0.09,0.0,1.3562613427639008,6.985,0.225,0.205,0.0,0.985,0.105,0.24,0.6956521739130435
425,13926400,112938,-10.887500052452088,11.495,6.235,0.105,0.0,1.40003152936697,7.035,0.235,0.155,0.0,0.975,0.075,0.285,0.7916666666666666
430,14090240,114019,-11.303750143051147,11.285,6.16,0.09,0.0,1.4418538883328438,7.075,0.265,0.135,0.0,0.92,0.065,0.25,0.7936507936507936
435,14254080,115116,-10.410250062942504,11.64,6.375,0.055,0.0,1.2330432906746864,7.13,0.165,0.14,0.0,0.965,0.095,0.255,0.7285714285714285
440,14417920,116188,-10.663250074386596,11.505,6.28,0.085,0.0,1.3820936232805252,7.1,0.295,0.205,0.0,1.045,0.075,0.235,0.7580645161290323
445,14581760,117275,-11.337000007629394,10.99,6.05,0.115,0.0,1.3013228550553322,6.875,0.16,0.16,0.0,0.91,0.085,0.265,0.7571428571428571
450,14745600,118363,-11.040749926567077,11.645,6.28,0.09,0.0,1.3618127778172493,7.255,0.225,0.16,0.0,1.165,0.08,0.265,0.7681159420289855
455,14909440,119449,-10.988500008583069,11.405,6.24,0.085,0.0,1.2131362333893776,7.085,0.19,0.21,0.0,0.93,0.075,0.255,0.7727272727272727
460,15073280,120517,-11.37275002002716,11.08,6.09,0.07,0.0,1.6254241466522217,6.96,0.22,0.13,0.0,0.995,0.07,0.255,0.7846153846153846
465,15237120,121583,-11.086250081062317,11.34,6.205,0.115,0.0,1.3690621703863144,7.07,0.21,0.195,0.0,1.04,0.06,0.23,0.7931034482758621
470,15400960,122605,-11.289750080108643,11.43,6.225,0.1,0.0,1.5140685066580772,7.17,0.235,0.195,0.0,1.075,0.06,0.235,0.7966101694915254
475,15564800,123652,-10.730499949455261,11.445,6.32,0.12,0.0,1.6614477559924126,7.4,0.285,0.18,0.0,0.955,0.065,0.285,0.8142857142857143
480,15728640,124672,-11.762500047683716,10.785,5.975,0.09,0.0,1.434195563197136,6.945,0.215,0.175,0.0,0.835,0.09,0.235,0.7230769230769231
485,15892480,125686,-11.019000005722045,11.19,6.225,0.105,0.0,1.5998819768428802,7.075,0.155,0.125,0.0,0.985,0.1,0.21,0.6774193548387096
490,16056320,126706,-10.52475013256073,11.675,6.425,0.185,0.0,1.4612137079238892,7.605,0.275,0.175,0.0,1.135,0.09,0.265,0.7464788732394366
495,16220160,127736,-10.032749938964844,12.01,6.475,0.145,0.0,1.431671380996704,7.515,0.195,0.175,0.0,1.125,0.095,0.305,0.7625
500,16384000,128776,-10.028499937057495,12.13,6.505,0.165,0.0,1.4027356579899788,7.7,0.35,0.16,0.0,1.09,0.09,0.33,0.7857142857142857
505,16547840,129824,-10.771250014305116,11.285,6.255,0.115,0.0,1.4993733540177345,7.12,0.255,0.15,0.0,1.01,0.06,0.24,0.8
510,16711680,130882,-10.60175012588501,11.64,6.435,0.14,0.0,1.4810103625059128,7.395,0.225,0.195,0.0,1.01,0.125,0.245,0.6621621621621622
515,16875520,131919,-10.354249982833862,11.695,6.47,0.1,0.0,1.502097599208355,7.515,0.245,0.19,0.0,1.07,0.095,0.295,0.7564102564102564
520,17039360,132947,-10.988250017166138,11.35,6.32,0.135,0.0,1.53927531093359,7.28,0.18,0.195,0.0,1.015,0.055,0.245,0.8166666666666667
525,17203200,133983,-10.296750082969666,11.6,6.415,0.12,0.0,1.4603544622659683,7.495,0.25,0.22,0.0,0.965,0.1,0.285,0.7402597402597403
530,17367040,135001,-10.475250000953674,11.67,6.36,0.105,0.0,1.4849096164107323,7.43,0.26,0.24,0.0,1.02,0.085,0.295,0.7763157894736842
535,17530880,136011,-10.250000004768372,11.78,6.52,0.14,0.0,1.442497380077839,7.525,0.225,0.165,0.0,0.89,0.105,0.245,0.7
540,17694720,137010,-9.889750041961669,12.015,6.445,0.13,0.0,1.5409566909074783,7.475,0.185,0.215,0.0,1.165,0.08,0.28,0.7777777777777778
545,17858560,138014,-9.574250116348267,12.13,6.65,0.19,0.0,1.605989433825016,7.675,0.31,0.18,0.0,1.165,0.09,0.26,0.7428571428571429
550,18022400,139033,-10.091249938011169,11.99,6.51,0.15,0.0,1.4864053577184677,7.75,0.38,0.22,0.0,1.1,0.075,0.235,0.7580645161290323
555,18186240,140040,-10.032249979972839,11.92,6.565,0.16,0.0,1.768046110868454,7.635,0.28,0.24,0.0,1.15,0.105,0.265,0.7162162162162162
560,18350080,141046,-9.711000146865844,12.295,6.665,0.16,0.0,1.4393782019615173,7.77,0.245,0.28,0.0,1.18,0.09,0.265,0.7464788732394366
565,18513920,142047,-8.93724989414215,12.675,6.945,0.18,0.0,1.628729671239853,8.28,0.33,0.235,0.0,1.23,0.09,0.33,0.7857142857142857
570,18677760,143043,-9.23774998664856,12.58,6.87,0.2,0.0,1.5249373987317085,8.05,0.255,0.305,0.0,1.23,0.12,0.24,0.6666666666666666
575,18841600,144060,-9.619250121116638,12.095,6.62,0.155,0.0,1.6287426874041557,7.98,0.4,0.22,0.0,1.065,0.09,0.35,0.7954545454545454
580,19005440,145051,-9.380750074386597,12.255,6.725,0.19,0.0,1.6340459287166595,8.025,0.35,0.275,0.0,1.105,0.065,0.315,0.8289473684210527
585,19169280,146027,-9.160000038146972,12.365,6.86,0.185,0.0,1.4080611690878868,7.945,0.225,0.25,0.0,1.075,0.055,0.26,0.8253968253968254
590,19333120,146997,-9.72800004005432,12.115,6.66,0.15,0.0,1.4298912808299065,7.685,0.32,0.38,0.0,1.135,0.06,0.26,0.8125
595,19496960,147936,-8.473250141143799,12.865,7.155,0.215,0.0,1.4820722788572311,8.26,0.375,0.32,0.0,1.29,0.075,0.32,0.810126582278481
600,19660800,148888,-8.83024995326996,12.52,6.83,0.175,0.0,1.5102017968893051,8.13,0.315,0.22,0.0,1.205,0.06,0.355,0.8554216867469879
605,19824640,149843,-9.546250038146972,11.97,6.555,0.135,0.0,1.5829128548502922,7.63,0.275,0.27,0.0,1.12,0.075,0.3,0.8
610,19988480,150792,-9.392750124931336,12.795,6.96,0.195,0.0,1.4381985664367676,8.11,0.28,0.3,0.0,1.27,0.1,0.255,0.7183098591549296
615,20152320,151708,-8.81425003528595,12.445,6.81,0.185,0.0,1.559546560049057,7.985,0.295,0.285,0.0,1.23,0.065,0.24,0.7868852459016393
620,20316160,152596,-8.57475007534027,12.86,6.88,0.205,0.0,1.526981495320797,8.215,0.26,0.415,0.0,1.295,0.1,0.27,0.7297297297297297
625,20480000,153507,-9.648500022888184,11.87,6.53,0.185,0.0,1.579539343714714,7.605,0.27,0.375,0.0,1.15,0.07,0.265,0.7910447761194029
630,20643840,154408,-7.558500046730042,13.385,7.315,0.22,0.0,1.3795130476355553,8.505,0.275,0.345,0.0,1.385,0.055,0.3,0.8450704225352113
635,20807680,155298,-9.222500038146972,12.59,6.875,0.19,0.0,1.5960169658064842,8.175,0.315,0.315,0.0,1.2,0.09,0.31,0.775
640,20971520,156141,-7.5274999761581425,13.27,7.4,0.24,0.0,1.7810795530676842,8.885,0.335,0.415,0.0,1.28,0.07,0.245,0.7777777777777778
645,21135360,157023,-7.7694997978210445,13.24,7.23,0.21,0.0,1.4813371822237968,8.495,0.325,0.37,0.0,1.285,0.055,0.325,0.8552631578947368
650,21299200,157889,-7.536999974250794,13.17,7.25,0.24,0.0,1.7073219791054726,8.495,0.315,0.425,0.0,1.29,0.075,0.41,0.845360824742268
655,21463040,158798,-8.465749907493592,13.145,7.255,0.225,0.0,1.6151348277926445,8.65,0.265,0.335,0.0,1.26,0.1,0.355,0.7802197802197802
660,21626880,159752,-8.447500023841858,12.88,7.125,0.19,0.0,1.6149027347564697,8.505,0.375,0.385,0.0,1.235,0.09,0.265,0.7464788732394366
665,21790720,160657,-6.982499914169312,13.525,7.52,0.225,0.0,1.5869429111480713,9.11,0.375,0.34,0.0,1.28,0.08,0.365,0.8202247191011236
670,21954560,161572,-8.74375009059906,12.335,6.815,0.2,0.0,1.6039830073714256,8.14,0.34,0.37,0.0,1.185,0.07,0.26,0.7878787878787878
675,22118400,162482,-8.016750187873841,13.325,7.415,0.24,0.0,1.6653737425804138,8.86,0.335,0.375,0.0,1.355,0.055,0.22,0.8
680,22282240,163372,-7.432000031471253,13.17,7.395,0.295,0.0,1.6036250963807106,8.825,0.425,0.38,0.0,1.285,0.09,0.285,0.76
685,22446080,164265,-9.039000010490417,12.44,6.955,0.2,0.0,1.6956271976232529,8.255,0.4,0.27,0.0,1.23,0.1,0.265,0.726027397260274
690,22609920,165146,-8.61599997997284,12.475,7.215,0.175,0.0,1.72733972966671,8.605,0.48,0.265,0.0,1.17,0.03,0.265,0.8983050847457628
695,22773760,166052,-8.230249967575073,12.765,7.16,0.2,0.0,1.556031420826912,8.485,0.36,0.28,0.0,1.215,0.07,0.32,0.8205128205128205
700,22937600,166913,-7.0729999303817745,13.445,7.465,0.245,0.0,1.6882103979587555,9.025,0.455,0.365,0.0,1.37,0.085,0.315,0.7875
705,23101440,167756,-7.341249971389771,13.595,7.62,0.26,0.0,1.6595771610736847,9.14,0.43,0.43,0.0,1.345,0.075,0.335,0.8170731707317073
710,23265280,168624,-7.0857501745224,13.62,7.465,0.215,0.0,1.9041185900568962,8.915,0.43,0.27,0.0,1.42,0.08,0.275,0.7746478873239436
715,23429120,169521,-7.268249969482422,13.135,7.295,0.25,0.0,1.8084131479263306,8.875,0.365,0.39,0.0,1.17,0.07,0.205,0.7454545454545455
720,23592960,170366,-6.940000128746033,13.2,7.46,0.255,0.0,2.1332165226340294,8.83,0.39,0.365,0.0,1.28,0.09,0.275,0.7534246575342466
725,23756800,171191,-5.71600013256073,14.44,7.95,0.32,0.0,1.5126467198133469,9.72,0.46,0.455,0.0,1.415,0.105,0.335,0.7613636363636364
730,23920640,172031,-7.006750121116638,13.8,7.75,0.27,0.0,1.671741522848606,9.225,0.445,0.305,0.0,1.395,0.07,0.3,0.8108108108108109
735,24084480,172866,-6.449500160217285,13.72,7.925,0.285,0.0,1.774006724357605,9.42,0.48,0.34,0.0,1.235,0.1,0.225,0.6923076923076923
740,24248320,173691,-7.75824993610382,12.785,7.28,0.245,0.0,1.6268483698368073,8.48,0.37,0.34,0.0,1.21,0.065,0.36,0.8470588235294118
745,24412160,174502,-7.335500183105469,13.52,7.53,0.275,0.0,1.7692170515656471,8.995,0.405,0.395,0.0,1.395,0.08,0.275,0.7746478873239436
750,24576000,175326,-6.992249946594239,13.37,7.59,0.255,0.0,1.7589711099863052,9.01,0.435,0.32,0.0,1.385,0.095,0.255,0.7285714285714285
755,24739840,176143,-5.175500078201294,14.515,7.87,0.325,0.0,1.873139500617981,9.68,0.61,0.375,0.0,1.555,0.085,0.27,0.7605633802816901
760,24903680,176989,-6.214999904632569,14.115,7.875,0.3,0.0,1.6037650033831596,9.46,0.535,0.4,0.0,1.445,0.09,0.37,0.8043478260869565
765,25067520,177818,-6.95275002002716,13.695,7.595,0.265,0.0,1.7013330534100533,9.16,0.47,0.3,0.0,1.37,0.08,0.335,0.8072289156626506
770,25231360,178673,-7.182499966621399,13.23,7.475,0.265,0.0,1.643158458173275,8.9,0.44,0.305,0.0,1.3,0.05,0.31,0.8611111111111112
775,25395200,179509,-6.332500042915345,13.825,7.585,0.31,0.0,1.7622321769595146,9.07,0.415,0.265,0.0,1.335,0.06,0.345,0.8518518518518519
780,25559040,180319,-7.273500247001648,13.47,7.52,0.26,0.0,1.6271278858184814,8.795,0.365,0.37,0.0,1.34,0.04,0.29,0.8787878787878788
785,25722880,181144,-7.234250144958496,13.61,7.495,0.25,0.0,1.5039180144667625,8.87,0.48,0.305,0.0,1.36,0.085,0.405,0.826530612244898
790,25886720,181964,-7.031250095367431,13.335,7.485,0.285,0.0,1.5618279427289963,8.84,0.455,0.265,0.0,1.34,0.065,0.265,0.803030303030303
795,26050560,182797,-4.935999965667724,14.12,7.855,0.285,0.0,1.8651081174612045,9.485,0.56,0.32,0.0,1.445,0.08,0.435,0.8446601941747572
800,26214400,183587,-6.2780000638961795,14.37,7.97,0.3,0.0,1.4692348092794418,9.595,0.495,0.34,0.0,1.56,0.12,0.305,0.7176470588235294
805,26378240,184381,-5.25625009059906,14.26,8.02,0.3,0.0,1.9986145794391632,9.63,0.655,0.325,0.0,1.48,0.065,0.34,0.8395061728395061
810,26542080,185164,-5.721249966621399,14.155,7.88,0.315,0.0,1.8967948630452156,9.465,0.555,0.33,0.0,1.475,0.085,0.365,0.8111111111111111
815,26705920,185936,-5.87675003528595,13.855,7.915,0.28,0.0,1.8210705816745758,9.48,0.55,0.37,0.0,1.315,0.08,0.255,0.7611940298507462
820,26869760,186750,-5.825000176429748,13.985,7.9,0.32,0.0,1.8288643211126328,9.435,0.5,0.54,0.0,1.325,0.075,0.38,0.8351648351648352
825,27033600,187566,-6.264999837875366,13.99,7.92,0.315,0.0,1.7749644219875336,9.71,0.64,0.355,0.0,1.29,0.05,0.36,0.8780487804878049
830,27197440,188355,-4.994250087738037,14.21,8.055,0.315,0.0,1.907174862921238,9.65,0.58,0.385,0.0,1.435,0.12,0.195,0.6190476190476191
835,27361280,189153,-5.369749894142151,14.285,7.955,0.32,0.0,1.860111065208912,9.545,0.52,0.415,0.0,1.41,0.105,0.36,0.7741935483870968
840,27525120,189947,-5.654499950408936,14.29,7.97,0.315,0.0,1.8779269680380821,9.42,0.41,0.385,0.0,1.43,0.08,0.28,0.7777777777777778
845,27688960,190776,-6.1702502155303955,14.195,7.9,0.29,0.0,1.7963630855083466,9.595,0.57,0.515,0.0,1.32,0.09,0.3,0.7692307692307693
850,27852800,191554,-5.781750044822693,14.14,7.8,0.325,0.0,2.1008432134985924,9.44,0.545,0.475,0.0,1.47,0.07,0.31,0.8157894736842105
855,28016640,192346,-6.7637501192092895,13.75,7.64,0.255,0.0,1.9039148017764091,9.035,0.605,0.49,0.0,1.325,0.085,0.33,0.7951807228915663
860,28180480,193139,-6.645749979019165,13.82,7.715,0.27,0.0,1.809026911854744,9.075,0.44,0.39,0.0,1.365,0.1,0.33,0.7674418604651163
865,28344320,193943,-5.972250075340271,13.91,7.745,0.28,0.0,1.7274905815720558,8.98,0.505,0.35,0.0,1.41,0.11,0.38,0.7755102040816326
870,28508160,194759,-6.724750165939331,13.535,7.6,0.295,0.0,1.5998348370194435,8.76,0.44,0.315,0.0,1.32,0.105,0.35,0.7692307692307693
875,28672000,195564,-5.5984999263286594,14.1,7.84,0.295,0.0,2.0190671160817146,9.46,0.62,0.32,0.0,1.41,0.13,0.31,0.7045454545454546
880,28835840,196398,-6.047250089645385,14.145,7.88,0.285,0.0,2.079802840948105,9.445,0.65,0.34,0.0,1.5,0.1,0.315,0.7590361445783133
885,28999680,197215,-5.213999824523926,14.4,8.0,0.32,0.0,2.304785542190075,9.705,0.645,0.475,0.0,1.48,0.09,0.345,0.7931034482758621
890,29163520,198018,-5.654750061035156,14.13,7.88,0.335,0.0,1.9806950464844704,9.435,0.48,0.445,0.0,1.395,0.11,0.3,0.7317073170731707
895,29327360,198840,-7.778250102996826,12.955,7.335,0.245,0.0,1.9955901801586151,8.47,0.445,0.345,0.0,1.17,0.085,0.245,0.7424242424242424
900,29491200,199636,-6.012249875068664,13.895,7.79,0.35,0.0,1.9976363778114319,9.21,0.615,0.495,0.0,1.31,0.085,0.34,0.8
905,29655040,200415,-3.5385001134872436,15.075,8.56,0.39,0.0,2.0515565872192383,9.985,0.5,0.56,0.0,1.475,0.1,0.37,0.7872340425531915
910,29818880,201185,-4.223249998092651,15.095,8.46,0.415,0.0,1.8168128207325935,9.98,0.555,0.365,0.0,1.645,0.1,0.37,0.7872340425531915
915,29982720,201944,-3.9165000247955324,14.975,8.395,0.345,0.0,2.0665632784366608,9.68,0.585,0.415,0.0,1.54,0.14,0.365,0.7227722772277227
920,30146560,202712,-3.6725,14.925,8.33,0.37,0.0,2.0384513810276985,9.715,0.565,0.455,0.0,1.59,0.07,0.275,0.7971014492753623
925,30310400,203504,-5.5552499914169315,14.12,7.815,0.305,0.0,1.9137762933969498,9.12,0.465,0.455,0.0,1.415,0.07,0.34,0.8292682926829268
930,30474240,204281,-6.403249950408935,13.67,7.72,0.245,0.0,1.9040900692343712,9.13,0.495,0.34,0.0,1.255,0.065,0.325,0.8333333333333334
935,30638080,205035,-5.337749967575073,14.425,8.115,0.355,0.0,1.6213897615671158,9.57,0.49,0.415,0.0,1.435,0.095,0.345,0.7840909090909091
940,30801920,205820,-4.434500064849853,14.505,8.19,0.34,0.0,2.200671926140785,9.765,0.76,0.415,0.0,1.45,0.075,0.29,0.7945205479452054
945,30965760,206594,-4.133999938964844,15.0,8.44,0.4,0.0,1.9071144983172417,9.795,0.505,0.485,0.0,1.525,0.08,0.35,0.813953488372093
950,31129600,207330,-5.01750011920929,14.62,8.125,0.35,0.0,1.8250923454761505,9.64,0.64,0.485,0.0,1.525,0.095,0.325,0.7738095238095238
955,31293440,208095,-5.669750061035156,14.15,8.03,0.39,0.0,1.9418052583932877,9.46,0.685,0.37,0.0,1.285,0.065,0.33,0.8354430379746836
960,31457280,208860,-5.113500018119812,14.615,8.34,0.385,0.0,1.844412349164486,9.425,0.56,0.56,0.0,1.385,0.075,0.36,0.8275862068965517
965,31621120,209633,-5.6520000839233395,14.31,8.06,0.37,0.0,2.006929151713848,9.35,0.715,0.27,0.0,1.38,0.105,0.34,0.7640449438202247
970,31784960,210428,-5.3637500619888305,13.96,8.02,0.31,0.0,2.0272225439548492,9.09,0.48,0.36,0.0,1.335,0.075,0.3,0.8
975,31948800,211202,-4.574750232696533,14.5,8.17,0.35,0.0,1.8931916877627373,9.39,0.58,0.285,0.0,1.46,0.08,0.33,0.8048780487804879
980,32112640,211979,-3.3807500123977663,15.035,8.655,0.41,0.0,2.025378815829754,10.21,0.67,0.445,0.0,1.56,0.09,0.34,0.7906976744186046
985,32276480,212722,-4.2010001993179324,14.855,8.335,0.355,0.0,1.9706807136535645,9.9,0.655,0.595,0.0,1.515,0.115,0.305,0.7261904761904762
990,32440320,213500,-4.82400007724762,14.585,8.07,0.365,0.0,2.195212185382843,9.685,0.75,0.355,0.0,1.45,0.09,0.33,0.7857142857142857
995,32604160,214279,-5.128000059127808,14.705,8.185,0.33,0.0,1.8098557442426682,9.615,0.63,0.315,0.0,1.62,0.08,0.33,0.8048780487804879
1000,32768000,215017,-3.245250034332275,15.45,8.74,0.42,0.0,1.6699526906013489,10.575,0.82,0.52,0.0,1.515,0.07,0.36,0.8372093023255814
1005,32931840,215790,-5.55925021648407,14.33,7.94,0.31,0.0,2.0525086373090744,9.27,0.605,0.32,0.0,1.56,0.095,0.395,0.8061224489795918
1010,33095680,216563,-3.8967500066757204,14.92,8.34,0.33,0.0,1.8083713874220848,9.57,0.635,0.365,0.0,1.565,0.07,0.36,0.8372093023255814
1015,33259520,217315,-3.029499888420105,15.735,8.815,0.43,0.0,2.084477201104164,10.49,0.815,0.425,0.0,1.545,0.075,0.38,0.8351648351648352
1020,33423360,218109,-3.397000060081482,15.415,8.62,0.395,0.0,2.2565439119935036,10.2,0.875,0.295,0.0,1.67,0.065,0.37,0.8505747126436781
1025,33587200,218855,-4.702250165939331,14.885,8.34,0.37,0.0,2.083296909928322,9.575,0.63,0.385,0.0,1.53,0.065,0.325,0.8333333333333334
1030,33751040,219634,-5.29150011062622,14.7,8.34,0.365,0.0,2.0247297435998917,9.635,0.74,0.34,0.0,1.515,0.05,0.315,0.863013698630137
1035,33914880,220427,-5.630000152587891,13.99,7.995,0.335,0.0,2.1767519786953926,9.135,0.75,0.335,0.0,1.395,0.105,0.245,0.7
1040,34078720,221185,-4.0657501125335695,15.22,8.75,0.405,0.0,2.269742079079151,9.83,0.68,0.355,0.0,1.515,0.075,0.335,0.8170731707317073
1045,34242560,221943,-3.752500081062317,14.97,8.54,0.395,0.0,2.2354442849755287,9.74,0.645,0.45,0.0,1.52,0.09,0.325,0.7831325301204819
1050,34406400,222692,-5.003750123977661,14.71,8.32,0.35,0.0,1.8491028100252151,9.525,0.775,0.48,0.0,1.5,0.07,0.38,0.8444444444444444
1055,34570240,223441,-3.8014999628067017,15.42,8.765,0.405,0.0,2.256409667432308,10.15,0.83,0.45,0.0,1.625,0.085,0.33,0.7951807228915663
1060,34734080,224174,-3.4250001096725464,15.23,8.765,0.395,0.0,2.0608711391687393,10.005,0.59,0.45,0.0,1.57,0.085,0.345,0.8023255813953488
1065,34897920,224929,-3.3602499961853027,15.235,8.47,0.39,0.0,2.075780674815178,9.805,0.735,0.48,0.0,1.64,0.07,0.365,0.8390804597701149
1070,35061760,225717,-4.801750082969665,14.6,8.21,0.345,0.0,1.9889430850744247,9.465,0.63,0.52,0.0,1.485,0.115,0.355,0.7553191489361702
1075,35225600,226507,-3.7409999561309815,14.805,8.36,0.365,0.0,2.327403463423252,9.38,0.63,0.365,0.0,1.48,0.075,0.3,0.8
1080,35389440,227289,-3.2572500944137572,15.355,8.485,0.435,0.0,2.134869821369648,9.595,0.665,0.43,0.0,1.635,0.035,0.335,0.9054054054054054
1085,35553280,228079,-4.6985000705719,14.385,8.27,0.36,0.0,2.102478638291359,9.175,0.57,0.38,0.0,1.475,0.075,0.395,0.8404255319148937
1090,35717120,228856,-4.783249979019165,14.535,8.27,0.365,0.0,1.9715766683220863,9.09,0.75,0.415,0.0,1.425,0.085,0.305,0.782051282051282
1095,35880960,229648,-3.6099999570846557,15.09,8.51,0.39,0.0,1.781315840780735,9.34,0.745,0.3,0.0,1.585,0.09,0.275,0.7534246575342466
1100,36044800,230413,-2.634250354766846,15.635,8.68,0.46,0.0,2.027123585343361,9.39,0.65,0.58,0.0,1.58,0.08,0.335,0.8072289156626506
1105,36208640,231207,-5.145749878883362,14.52,8.24,0.345,0.0,2.092041216790676,9.02,0.745,0.625,0.0,1.455,0.08,0.29,0.7837837837837838
1110,36372480,231954,-3.6982498741149903,15.305,8.715,0.405,0.0,2.0355061516165733,9.6,0.69,0.375,0.0,1.51,0.08,0.335,0.8072289156626506
1115,36536320,232721,-4.929750204086304,14.845,8.345,0.345,0.0,2.0321493074297905,8.7,0.725,0.495,0.0,1.5,0.125,0.345,0.7340425531914894
1120,36700160,233508,-4.239750084877014,14.95,8.465,0.415,0.0,1.823787696659565,8.475,0.9,0.505,0.0,1.595,0.06,0.27,0.8181818181818182
1125,36864000,234301,-6.098499903678894,13.87,7.97,0.31,0.0,1.9917397499084473,8.125,0.615,0.305,0.0,1.375,0.04,0.275,0.873015873015873
1130,37027840,235032,-3.287250084877014,15.18,8.645,0.4,0.0,2.2189703807234764,8.955,0.745,0.39,0.0,1.555,0.085,0.365,0.8111111111111111
1135,37191680,235807,-4.269000115394593,14.89,8.41,0.385,0.0,2.039077877998352,9.44,0.705,0.5,0.0,1.53,0.085,0.34,0.8
1140,37355520,236575,-3.5452500915527345,15.06,8.605,0.39,0.0,2.4932644218206406,9.62,0.735,0.445,0.0,1.52,0.07,0.345,0.8313253012048193
1145,37519360,237337,-2.7000000858306885,15.745,8.88,0.445,0.0,2.030239649116993,10.375,0.755,0.505,0.0,1.655,0.07,0.325,0.8227848101265823
1150,37683200,238140,-3.8757500743865965,14.835,8.4,0.37,0.0,2.4871097803115845,9.95,0.745,0.405,0.0,1.48,0.09,0.36,0.8
1155,37847040,238870,-2.848750071525574,16.12,9.07,0.505,0.0,1.943427711725235,10.41,0.69,0.445,0.0,1.755,0.095,0.365,0.7934782608695652
1160,38010880,239658,-3.8952501392364502,14.58,8.335,0.4,0.0,2.3680667877197266,9.385,0.57,0.545,0.0,1.385,0.055,0.36,0.8674698795180723
1165,38174720,240438,-4.8642502117156985,14.295,8.005,0.38,0.0,2.5725501775741577,9.28,0.765,0.485,0.0,1.445,0.07,0.325,0.8227848101265823
1170,38338560,241211,-3.553750042915344,15.3,8.73,0.425,0.0,2.1792436465620995,9.75,0.66,0.385,0.0,1.62,0.065,0.31,0.8266666666666667
1175,38502400,241959,-2.5242498683929444,15.545,8.755,0.445,0.0,2.2537784352898598,9.79,0.65,0.46,0.0,1.62,0.085,0.38,0.8172043010752689
1180,38666240,242703,-2.975250096321106,15.31,8.71,0.405,0.0,2.1689456403255463,9.795,0.66,0.445,0.0,1.565,0.105,0.33,0.7586206896551724
1185,38830080,243457,-5.3522500228881835,14.26,8.055,0.365,0.0,2.150982066988945,9.05,0.675,0.4,0.0,1.435,0.085,0.305,0.782051282051282
1190,38993920,244197,-3.1297500467300416,15.125,8.57,0.375,0.0,1.9480431154370308,9.65,0.7,0.395,0.0,1.56,0.09,0.27,0.75
1195,39157760,244911,-3.393000102043152,15.205,8.565,0.43,0.0,2.0236413031816483,9.905,0.705,0.49,0.0,1.555,0.085,0.34,0.8
1200,39321600,245665,-3.0892498779296873,15.375,8.8,0.4,0.0,2.4109875857830048,9.995,0.67,0.41,0.0,1.495,0.085,0.375,0.8152173913043478
1205,39485440,246401,-3.844749999046326,14.945,8.46,0.395,0.0,1.9644041806459427,9.645,0.7,0.475,0.0,1.475,0.12,0.37,0.7551020408163265
1210,39649280,247135,-4.083999967575073,15.025,8.625,0.385,0.0,2.028464838862419,9.66,0.715,0.425,0.0,1.49,0.095,0.265,0.7361111111111112
1215,39813120,247876,-4.801000208854675,14.955,8.375,0.38,0.0,1.9954392090439796,9.45,0.73,0.595,0.0,1.385,0.11,0.365,0.7684210526315789
1220,39976960,248583,-0.5427500534057618,16.77,9.45,0.475,0.0,2.1131956353783607,10.9,0.72,0.57,0.0,1.86,0.065,0.35,0.8433734939759037
1225,40140800,249292,-3.341750183105469,15.31,8.71,0.435,0.0,2.119065746665001,9.89,0.535,0.43,0.0,1.565,0.065,0.385,0.8555555555555555
1230,40304640,250040,-3.2354998922348024,15.43,8.71,0.43,0.0,1.9956321567296982,9.93,0.645,0.405,0.0,1.595,0.075,0.245,0.765625
1235,40468480,250751,-3.571499924659729,15.525,8.69,0.35,0.0,1.7871851846575737,10.08,0.705,0.47,0.0,1.62,0.1,0.315,0.7590361445783133
1240,40632320,251457,-2.9377500104904173,15.74,9.035,0.43,0.0,1.9671664610505104,10.405,0.59,0.42,0.0,1.615,0.085,0.335,0.7976190476190477
1245,40796160,252165,-3.8955001163482668,15.22,8.56,0.42,0.0,1.8483954891562462,10.065,0.755,0.35,0.0,1.68,0.06,0.33,0.8461538461538461
1250,40960000,252858,-3.2980000019073485,15.695,8.72,0.43,0.0,2.608306623995304,9.88,0.62,0.495,0.0,1.7,0.115,0.355,0.7553191489361702
1255,41123840,253559,-3.2232501029968263,15.4,8.71,0.455,0.0,3.917443096637726,10.17,0.695,0.36,0.0,1.595,0.085,0.31,0.7848101265822784
1260,41287680,254272,-4.19724995136261,15.225,8.415,0.405,0.0,3.614476904273033,9.78,0.765,0.51,0.0,1.635,0.1,0.365,0.7849462365591398
1265,41451520,254992,-2.096250014305115,16.09,9.08,0.455,0.0,1.9225551784038544,10.05,0.68,0.42,0.0,1.85,0.07,0.38,0.8444444444444444
1270,41615360,255689,-2.3089999294281007,15.705,8.97,0.47,0.0,2.1439614221453667,10.15,0.62,0.525,0.0,1.67,0.11,0.31,0.7380952380952381
1275,41779200,256414,-3.7519999313354493,15.245,8.615,0.375,0.0,2.2992166578769684,9.695,0.635,0.48,0.0,1.52,0.09,0.325,0.7831325301204819
1280,41943040,257168,-3.807000131607056,14.88,8.31,0.38,0.0,2.5260012298822403,9.57,0.73,0.41,0.0,1.59,0.1,0.315,0.7590361445783133
1285,42106880,257895,-2.128249864578247,16.12,9.085,0.495,0.0,1.9564540013670921,10.48,0.78,0.38,0.0,1.8,0.1,0.355,0.7802197802197802
1290,42270720,258599,-2.5927501630783083,15.96,8.995,0.44,0.0,1.7924449294805527,10.215,0.815,0.485,0.0,1.84,0.06,0.325,0.8441558441558441
1295,42434560,259289,-1.6395000410079956,15.735,8.94,0.425,0.0,2.189168117940426,9.835,0.68,0.66,0.0,1.69,0.085,0.34,0.8
1300,42598400,259984,-2.460750026702881,15.715,8.885,0.46,0.0,1.945887416601181,10.32,0.81,0.43,0.0,1.62,0.08,0.3,0.7894736842105263
1305,42762240,260679,-2.4095001554489137,15.555,8.69,0.42,0.0,2.2664376199245453,9.59,0.785,0.39,0.0,1.625,0.075,0.34,0.8192771084337349
1310,42926080,261383,-2.978499927520752,15.785,8.99,0.46,0.0,2.092698723077774,9.835,0.805,0.515,0.0,1.64,0.095,0.39,0.8041237113402062
1315,43089920,262109,-3.4347502040863036,15.105,8.55,0.385,0.0,2.477554365992546,9.335,0.68,0.445,0.0,1.485,0.095,0.385,0.8020833333333334
1320,43253760,262826,-2.6649999475479125,15.865,8.855,0.46,0.0,1.7127025052905083,9.58,0.665,0.525,0.0,1.78,0.09,0.365,0.8021978021978022
1325,43417600,263526,-1.2774999237060547,16.09,9.195,0.47,0.0,2.281237415969372,10.195,0.695,0.435,0.0,1.635,0.08,0.375,0.8241758241758241
1330,43581440,264247,-1.8617500829696656,15.815,8.935,0.44,0.0,2.41038279235363,9.585,0.77,0.415,0.0,1.685,0.09,0.405,0.8181818181818182
1335,43745280,265002,-3.115000019073486,15.355,8.74,0.39,0.0,2.3847651183605194,9.835,0.975,0.52,0.0,1.545,0.085,0.305,0.782051282051282
1340,43909120,265732,-2.552499976158142,15.71,8.78,0.44,0.0,2.427620589733124,10.045,0.94,0.435,0.0,1.685,0.135,0.315,0.7
1345,44072960,266475,-2.9327499961853025,15.905,8.88,0.405,0.0,1.8810213655233383,9.79,0.82,0.455,0.0,1.75,0.1,0.315,0.7590361445783133
1350,44236800,267202,-2.872750096321106,15.43,8.74,0.425,0.0,1.8200965821743011,9.45,0.94,0.38,0.0,1.6,0.095,0.355,0.7888888888888889
1355,44400640,267936,-3.1682500314712523,15.075,8.6,0.385,0.0,1.766084797680378,8.645,0.755,0.435,0.0,1.515,0.105,0.345,0.7666666666666667
1360,44564480,268670,-2.0902499198913573,15.46,8.675,0.375,0.0,2.616552174091339,8.995,0.895,0.415,0.0,1.695,0.1,0.33,0.7674418604651163
1365,44728320,269411,-3.5787500524520874,15.02,8.525,0.405,0.0,2.4422896802425385,8.63,0.99,0.425,0.0,1.55,0.105,0.275,0.7236842105263158
1370,44892160,270138,-4.0544998788833615,15.415,8.71,0.355,0.0,2.1093529239296913,8.935,0.755,0.36,0.0,1.6,0.105,0.32,0.7529411764705882
1375,45056000,270866,-2.7932500410079957,15.705,8.735,0.425,0.0,2.51153028011322,9.455,0.88,0.465,0.0,1.645,0.105,0.33,0.7586206896551724
1380,45219840,271611,-3.617500133514404,14.79,8.39,0.38,0.0,2.1592493876814842,8.99,0.755,0.525,0.0,1.445,0.07,0.375,0.8426966292134831
1385,45383680,272378,-3.0119999265670776,15.535,9.0,0.43,0.0,2.494072526693344,9.36,0.8,0.645,0.0,1.56,0.065,0.335,0.8375
1390,45547520,273145,-2.3602501583099365,15.655,8.84,0.43,0.0,2.2077691182494164,9.345,0.685,0.39,0.0,1.76,0.075,0.34,0.8192771084337349
1395,45711360,273879,-1.2959999799728394,16.435,9.27,0.56,0.0,2.1109564006328583,9.595,0.67,0.57,0.0,1.835,0.055,0.365,0.8690476190476191
1400,45875200,274608,-2.029250159263611,16.065,9.01,0.505,0.0,1.8625454753637314,9.38,0.91,0.45,0.0,1.845,0.08,0.27,0.7714285714285715
1405,46039040,275338,-3.1817500591278076,15.57,8.825,0.43,0.0,2.028881922364235,9.06,0.85,0.55,0.0,1.68,0.11,0.305,0.7349397590361446
1410,46202880,276082,-2.7720000886917116,15.36,8.785,0.435,0.0,2.2365359887480736,9.325,0.86,0.375,0.0,1.51,0.05,0.365,0.8795180722891566
1415,46366720,276772,-0.42874993324279786,16.6,9.275,0.455,0.0,2.0756450295448303,9.82,0.72,0.575,0.0,1.87,0.08,0.44,0.8461538461538461
1420,46530560,277499,-2.392250032424927,15.945,9.03,0.475,0.0,1.8357723131775856,9.89,0.7,0.365,0.0,1.725,0.08,0.355,0.8160919540229885
1425,46694400,278208,-2.2594999504089355,15.97,9.1,0.485,0.0,2.4785134494304657,9.9,0.695,0.57,0.0,1.57,0.105,0.405,0.7941176470588235
1430,46858240,278932,-2.512499852180481,15.405,8.87,0.425,0.0,2.0945379957556725,9.7,0.795,0.55,0.0,1.525,0.07,0.355,0.8352941176470589
1435,47022080,279655,-1.8974999141693116,16.365,9.12,0.475,0.0,2.0204744189977646,9.89,0.79,0.385,0.0,1.8,0.095,0.385,0.8020833333333334
1440,47185920,280408,-2.8854999589920043,15.715,8.775,0.43,0.0,2.2299614921212196,9.745,0.97,0.6,0.0,1.57,0.08,0.44,0.8461538461538461
1445,47349760,281148,-2.325500111579895,15.49,8.995,0.465,0.0,2.1461062133312225,10.18,0.73,0.495,0.0,1.55,0.055,0.365,0.8690476190476191
1450,47513600,281878,-1.554750075340271,16.26,9.215,0.505,0.0,2.2435744032263756,10.485,0.95,0.375,0.0,1.66,0.1,0.28,0.7368421052631579
1455,47677440,282615,-2.7564999198913576,14.93,8.51,0.385,0.0,2.419532611966133,9.68,0.695,0.385,0.0,1.485,0.055,0.34,0.8607594936708861
1460,47841280,283364,-1.7254999208450317,15.925,8.98,0.43,0.0,2.109715908765793,10.18,0.76,0.73,0.0,1.65,0.07,0.365,0.8390804597701149
1465,48005120,284076,-1.4589998292922974,16.66,9.39,0.505,0.0,2.2035449370741844,10.925,0.77,0.435,0.0,1.74,0.09,0.37,0.8043478260869565
1470,48168960,284824,-4.155250062942505,15.24,8.605,0.41,0.0,2.2606196478009224,9.56,0.64,0.465,0.0,1.68,0.09,0.36,0.8
1475,48332800,285580,-4.290749974250794,14.865,8.34,0.385,0.0,2.4310081899166107,9.32,0.685,0.46,0.0,1.66,0.055,0.355,0.8658536585365854
1480,48496640,286330,-2.6989999628067016,15.75,8.895,0.42,0.0,2.0841015428304672,10.015,0.84,0.485,0.0,1.6,0.085,0.42,0.8316831683168316
1485,48660480,287067,-2.7397500801086427,15.58,9.18,0.4,0.0,2.1836929321289062,10.265,0.665,0.565,0.0,1.64,0.105,0.365,0.776595744680851
1490,48824320,287810,-1.3704999494552612,16.185,9.385,0.495,0.0,2.15392304956913,10.315,0.68,0.605,0.0,1.745,0.095,0.345,0.7840909090909091
1495,48988160,288534,-1.3615000247955322,16.06,9.105,0.49,0.0,2.298182927072048,10.525,0.745,0.56,0.0,1.535,0.1,0.39,0.7959183673469388
1500,49152000,289251,-1.881500005722046,15.885,9.185,0.465,0.0,2.6665168702602386,10.47,0.82,0.44,0.0,1.645,0.065,0.31,0.8266666666666667
1505,49315840,289931,0.6217498922348023,16.985,9.59,0.435,0.0,2.521362252533436,10.55,0.715,0.55,0.0,1.935,0.085,0.335,0.7976190476190477
1510,49479680,290647,-1.9357500982284546,16.105,9.13,0.46,0.0,2.3483913093805313,10.46,0.785,0.455,0.0,1.71,0.1,0.37,0.7872340425531915
1515,49643520,291372,-2.312250061035156,15.53,8.88,0.46,0.0,2.299359694123268,10.18,0.805,0.335,0.0,1.64,0.075,0.33,0.8148148148148148
1520,49807360,292083,-0.7680000972747802,16.285,9.48,0.5,0.0,2.420897826552391,10.855,0.81,0.575,0.0,1.585,0.085,0.38,0.8172043010752689
1525,49971200,292763,-1.905750150680542,15.705,9.125,0.43,0.0,2.733174502849579,10.27,0.86,0.34,0.0,1.585,0.105,0.305,0.7439024390243902
1530,50135040,293490,-2.877999873161316,15.5,8.95,0.43,0.0,2.5524382442235947,9.975,0.615,0.56,0.0,1.665,0.085,0.28,0.7671232876712328
1535,50298880,294236,-1.313250126838684,16.095,9.13,0.465,0.0,2.2252383083105087,10.38,0.815,0.49,0.0,1.78,0.08,0.34,0.8095238095238095
1540,50462720,294964,-3.484250020980835,15.065,8.555,0.41,0.0,2.695923015475273,9.325,0.725,0.57,0.0,1.55,0.115,0.295,0.7195121951219512
1545,50626560,295680,-1.2525000858306885,15.53,8.855,0.45,0.0,2.5520771592855453,10.075,0.94,0.42,0.0,1.54,0.075,0.405,0.84375
1550,50790400,296399,-1.3602499198913574,16.135,9.195,0.465,0.0,2.0572568252682686,10.015,0.77,0.415,0.0,1.705,0.095,0.41,0.8118811881188119
1555,50954240,297116,-2.3962500524520873,15.73,8.875,0.44,0.0,2.518100157380104,9.86,0.785,0.44,0.0,1.68,0.075,0.355,0.8255813953488372
1560,51118080,297846,-2.418750076293945,15.935,9.115,0.47,0.0,2.4568738788366318,10.205,0.735,0.455,0.0,1.65,0.105,0.34,0.7640449438202247
1565,51281920,298539,-2.339749937057495,15.57,8.855,0.39,0.0,1.9778984040021896,9.955,0.74,0.585,0.0,1.6,0.08,0.35,0.813953488372093
1570,51445760,299240,-2.6832501173019407,15.855,9.185,0.51,0.0,1.9039129316806793,10.205,0.72,0.43,0.0,1.755,0.075,0.29,0.7945205479452054
1575,51609600,299922,-2.064500136375427,15.72,8.965,0.455,0.0,2.108518235385418,10.1,0.72,0.46,0.0,1.675,0.08,0.385,0.8279569892473119
1580,51773440,300638,-2.7850000715255736,15.67,8.935,0.415,0.0,1.957496054470539,9.895,0.77,0.425,0.0,1.605,0.07,0.285,0.8028169014084507
1585,51937280,301339,-0.7900000715255737,16.415,9.315,0.525,0.0,2.3874943032860756,10.63,0.805,0.355,0.0,1.81,0.085,0.3,0.7792207792207793
1590,52101120,302061,-0.9199999809265137,15.995,9.075,0.42,0.0,2.352620154619217,10.08,0.78,0.365,0.0,1.78,0.08,0.365,0.8202247191011236
1595,52264960,302770,-0.2820001125335693,16.545,9.605,0.495,0.0,2.550611197948456,11.025,0.84,0.565,0.0,1.73,0.12,0.295,0.7108433734939759
1600,52428800,303512,-2.4595001840591433,15.35,8.68,0.405,0.0,2.9502535313367844,9.765,0.71,0.545,0.0,1.565,0.135,0.4,0.7476635514018691
1605,52592640,304242,-2.951000075340271,15.485,9.0,0.4,0.0,2.243372231721878,10.05,0.655,0.44,0.0,1.585,0.08,0.4,0.8333333333333334
1610,52756480,304982,-2.506250114440918,15.94,9.085,0.5,0.0,2.1743281856179237,10.45,0.76,0.345,0.0,1.685,0.08,0.27,0.7714285714285715
1615,52920320,305692,-1.5555001592636108,15.955,9.305,0.43,0.0,2.136465147137642,10.445,0.74,0.425,0.0,1.725,0.07,0.375,0.8426966292134831
1620,53084160,306411,-0.015249958038330078,17.025,9.865,0.57,0.0,2.0793376564979553,11.105,0.745,0.48,0.0,1.87,0.075,0.27,0.782608695652174
1625,53248000,307160,-2.691499981880188,15.435,8.555,0.415,0.0,2.432879999279976,9.735,0.61,0.465,0.0,1.685,0.105,0.27,0.72
1630,53411840,307865,-1.6202502679824828,16.32,9.455,0.485,0.0,2.620980992913246,10.765,0.985,0.41,0.0,1.76,0.09,0.265,0.7464788732394366
1635,53575680,308572,-1.5527500629425048,15.915,9.265,0.475,0.0,2.341745361685753,10.21,0.805,0.595,0.0,1.63,0.11,0.285,0.7215189873417721
1640,53739520,309263,-1.6507501125335693,16.2,9.315,0.465,0.0,2.603488564491272,10.17,0.715,0.545,0.0,1.76,0.08,0.305,0.7922077922077922
1645,53903360,309976,-0.5807501697540283,16.75,9.505,0.51,0.0,2.3649418652057648,10.85,0.93,0.51,0.0,1.885,0.12,0.265,0.6883116883116883
1650,54067200,310676,-0.8747499847412109,16.545,9.47,0.475,0.0,2.448163092136383,10.51,0.92,0.445,0.0,1.85,0.1,0.305,0.7530864197530864
1655,54231040,311382,-0.8355000019073486,15.87,9.11,0.425,0.0,2.1190443709492683,10.01,0.785,0.38,0.0,1.6,0.095,0.28,0.7466666666666667
1660,54394880,312079,0.13074981689453125,16.48,9.515,0.47,0.0,2.6883177310228348,10.42,0.8,0.6,0.0,1.735,0.08,0.28,0.7777777777777778
1665,54558720,312791,-0.5229998779296875,16.065,9.34,0.46,0.0,2.639673888683319,10.135,0.6,0.685,0.0,1.68,0.1,0.365,0.7849462365591398
1670,54722560,313506,-0.596500096321106,15.495,9.085,0.445,0.0,2.768905594944954,9.92,0.685,0.29,0.0,1.61,0.075,0.31,0.8051948051948052
1675,54886400,314211,-2.212749972343445,15.765,8.93,0.445,0.0,2.3394861817359924,10.2,0.795,0.48,0.0,1.68,0.115,0.295,0.7195121951219512
1680,55050240,314895,-1.036000027656555,16.23,9.375,0.475,0.0,2.313925825059414,10.565,0.78,0.385,0.0,1.6,0.09,0.36,0.8
1685,55214080,315590,-2.6205000352859495,15.62,8.86,0.455,0.0,2.027465209364891,9.745,0.71,0.475,0.0,1.675,0.09,0.325,0.7831325301204819
1690,55377920,316271,-1.9017499208450317,15.905,9.16,0.505,0.0,2.36374993622303,9.855,0.58,0.49,0.0,1.72,0.095,0.405,0.81
1695,55541760,316972,-3.4274998760223387,15.35,8.87,0.49,0.0,2.255082070827484,9.53,0.75,0.305,0.0,1.47,0.095,0.375,0.7978723404255319
1700,55705600,317650,-1.102999997138977,16.11,9.245,0.545,0.0,2.288820706307888,9.925,0.74,0.395,0.0,1.765,0.09,0.365,0.8021978021978022
1705,55869440,318340,-1.8112497425079346,16.255,9.25,0.535,0.0,1.8494880869984627,10.14,0.765,0.335,0.0,1.83,0.12,0.39,0.7647058823529411
1710,56033280,319051,-2.7127500057220457,15.475,8.775,0.44,0.0,1.826257936656475,9.4,0.675,0.525,0.0,1.75,0.105,0.285,0.7307692307692307
1715,56197120,319774,-2.72800003528595,15.525,8.885,0.46,0.0,2.415532797574997,9.07,0.615,0.34,0.0,1.62,0.095,0.355,0.7888888888888889
1720,56360960,320510,-2.6282502222061157,15.255,8.73,0.515,0.0,1.970346137881279,8.79,0.66,0.33,0.0,1.58,0.095,0.3,0.759493670886076
1725,56524800,321218,-2.1197498512268065,15.595,8.94,0.545,0.0,2.223135806620121,9.1,0.55,0.385,0.0,1.675,0.125,0.465,0.788135593220339
1730,56688640,321944,-2.5915000104904173,15.665,8.86,0.48,0.0,1.7787930890917778,8.32,0.515,0.525,0.0,1.745,0.11,0.345,0.7582417582417582
1735,56852480,322688,-3.5090001010894776,15.17,8.545,0.395,0.0,1.9875617921352386,7.885,0.63,0.49,0.0,1.62,0.1,0.3,0.75
1740,57016320,323403,-2.66724995136261,15.405,8.795,0.49,0.0,2.178987294435501,8.4,0.68,0.455,0.0,1.69,0.125,0.32,0.7191011235955056
1745,57180160,324131,-3.1727500486373903,15.255,8.615,0.485,0.0,1.6410753056406975,8.48,0.575,0.26,0.0,1.74,0.05,0.32,0.8648648648648649
1750,57344000,324841,-4.25200026512146,14.78,8.395,0.42,0.0,1.661821834743023,8.85,0.585,0.405,0.0,1.425,0.09,0.345,0.7931034482758621
1755,57507840,325532,-3.004500069618225,15.17,8.79,0.475,0.0,1.9920315444469452,9.01,0.49,0.29,0.0,1.545,0.095,0.31,0.7654320987654321
1760,57671680,326242,-2.534000153541565,15.505,8.905,0.415,0.0,1.7882353439927101,9.485,0.59,0.335,0.0,1.56,0.065,0.335,0.8375
1765,57835520,326930,-3.9855000877380373,14.68,8.385,0.415,0.0,2.0173546373844147,9.065,0.57,0.47,0.0,1.41,0.065,0.27,0.8059701492537313
1770,57999360,327608,-2.974250078201294,15.445,8.8,0.475,0.0,1.8212333992123604,9.415,0.625,0.375,0.0,1.64,0.085,0.285,0.7702702702702703
1775,58163200,328294,-0.7890000724792481,16.135,9.32,0.52,0.0,2.188423402607441,10.15,0.585,0.485,0.0,1.625,0.06,0.385,0.8651685393258427
1780,58327040,328996,-1.889500012397766,15.85,9.13,0.485,0.0,1.7972967401146889,9.73,0.49,0.41,0.0,1.685,0.14,0.355,0.7171717171717171
1785,58490880,329694,-1.2115001916885375,16.045,9.175,0.49,0.0,1.7932206615805626,9.325,0.57,0.54,0.0,1.715,0.065,0.325,0.8333333333333334
1790,58654720,330400,-2.6234999990463255,15.52,9.005,0.455,0.0,1.8246880695223808,9.07,0.515,0.38,0.0,1.535,0.11,0.325,0.7471264367816092
1795,58818560,331074,-2.0482500839233397,15.865,8.92,0.485,0.0,1.914029635488987,9.095,0.58,0.57,0.0,1.64,0.085,0.345,0.8023255813953488
1800,58982400,331767,-2.5679999446868895,15.575,8.83,0.455,0.0,1.7943850606679916,8.98,0.585,0.415,0.0,1.615,0.095,0.315,0.7682926829268293
1805,59146240,332451,-0.9077502202987671,16.365,9.34,0.5,0.0,1.7771728560328484,9.38,0.65,0.46,0.0,1.755,0.105,0.33,0.7586206896551724
1810,59310080,333146,-1.4514998817443847,15.865,9.125,0.47,0.0,1.865542083978653,8.945,0.56,0.525,0.0,1.6,0.09,0.355,0.797752808988764
1815,59473920,333842,-2.439750008583069,15.375,8.965,0.475,0.0,1.7520044893026352,9.23,0.645,0.565,0.0,1.475,0.095,0.27,0.7397260273972602
1820,59637760,334526,-1.058999924659729,15.895,9.045,0.47,0.0,2.0379867926239967,9.57,0.565,0.505,0.0,1.66,0.09,0.265,0.7464788732394366
1825,59801600,335218,-2.6897501850128176,15.505,8.955,0.515,0.0,1.8667530417442322,9.28,0.575,0.48,0.0,1.555,0.1,0.34,0.7727272727272727
1830,59965440,335913,-1.9892500734329224,15.39,8.685,0.48,0.0,2.4207017570734024,8.965,0.545,0.41,0.0,1.64,0.05,0.35,0.875
1835,60129280,336605,-2.087250008583069,15.74,9.165,0.48,0.0,1.7046976014971733,9.57,0.55,0.425,0.0,1.645,0.115,0.275,0.7051282051282052
1840,60293120,337297,-1.8722501468658448,15.99,9.3,0.485,0.0,1.7083932235836983,9.91,0.635,0.445,0.0,1.61,0.1,0.355,0.7802197802197802
1845,60456960,337971,-1.8967500972747802,15.825,9.165,0.475,0.0,1.4952687099575996,9.745,0.57,0.485,0.0,1.75,0.055,0.32,0.8533333333333334
1850,60620800,338641,-1.6715000295639038,15.87,9.24,0.505,0.0,1.8489430621266365,9.99,0.525,0.51,0.0,1.535,0.1,0.365,0.7849462365591398
1855,60784640,339311,-1.955500178337097,15.75,9.04,0.515,0.0,1.959066741168499,9.875,0.64,0.48,0.0,1.66,0.11,0.29,0.725
1860,60948480,340006,-1.9275000429153442,16.01,9.315,0.5,0.0,1.729200817644596,10.3,0.61,0.465,0.0,1.705,0.08,0.325,0.8024691358024691
1865,61112320,340688,-2.888250117301941,15.165,8.76,0.435,0.0,1.9870999157428741,9.805,0.56,0.345,0.0,1.555,0.06,0.3,0.8333333333333334
1870,61276160,341359,-1.431500039100647,16.02,9.17,0.515,0.0,1.8394755646586418,10.41,0.53,0.48,0.0,1.64,0.155,0.34,0.6868686868686869
1875,61440000,342058,-0.9069998836517335,16.115,9.235,0.535,0.0,2.3645578175783157,10.425,0.71,0.54,0.0,1.695,0.085,0.3,0.7792207792207793
1880,61603840,342719,-1.3662499332427978,15.675,9.175,0.52,0.0,2.104442797601223,9.83,0.64,0.455,0.0,1.55,0.075,0.33,0.8148148148148148
1885,61767680,343398,-1.8800000715255738,15.505,9.125,0.495,0.0,2.1540220379829407,9.53,0.62,0.425,0.0,1.43,0.12,0.29,0.7073170731707317
1890,61931520,344075,-0.7767499446868896,16.2,9.18,0.495,0.0,2.0749114006757736,9.77,0.605,0.445,0.0,1.675,0.115,0.33,0.7415730337078652
1895,62095360,344748,-0.34374998569488524,16.095,9.295,0.52,0.0,1.95880975574255,9.565,0.585,0.56,0.0,1.67,0.095,0.375,0.7978723404255319
1900,62259200,345462,-2.7927500677108763,15.625,8.895,0.49,0.0,2.123633272945881,9.295,0.55,0.455,0.0,1.65,0.045,0.4,0.898876404494382
1905,62423040,346152,-2.0515000009536744,15.68,9.06,0.48,0.0,2.161154054105282,9.09,0.63,0.41,0.0,1.61,0.085,0.335,0.7976190476190477
1910,62586880,346844,-1.2540001630783082,15.895,9.345,0.51,0.0,1.8383181691169739,9.7,0.59,0.515,0.0,1.49,0.08,0.395,0.8315789473684211
1915,62750720,347534,-1.3885001230239868,15.985,9.225,0.475,0.0,2.059999108314514,9.37,0.585,0.56,0.0,1.69,0.05,0.36,0.8780487804878049
1920,62914560,348212,0.05249999046325684,16.555,9.605,0.54,0.0,1.8767004609107971,9.55,0.835,0.475,0.0,1.64,0.08,0.345,0.8117647058823529
1925,63078400,348896,-3.476749982833862,14.94,8.795,0.46,0.0,1.724329687654972,9.265,0.555,0.48,0.0,1.42,0.11,0.36,0.7659574468085106
1930,63242240,349564,-0.9215000152587891,16.385,9.51,0.52,0.0,1.7700391113758087,10.335,0.6,0.375,0.0,1.75,0.115,0.36,0.7578947368421053
1935,63406080,350224,-2.3074999189376832,15.57,9.055,0.485,0.0,1.8424214273691177,9.58,0.63,0.475,0.0,1.52,0.06,0.34,0.85
1940,63569920,350877,-1.1517498970031739,16.105,9.29,0.475,0.0,1.8692613244056702,9.535,0.655,0.455,0.0,1.69,0.095,0.3,0.759493670886076
1945,63733760,351564,-2.050249819755554,15.525,8.815,0.49,0.0,2.053794115781784,9.59,0.72,0.45,0.0,1.6,0.13,0.37,0.74
1950,63897600,352207,-0.395000057220459,16.17,9.53,0.49,0.0,1.9280654788017273,10.185,0.77,0.635,0.0,1.535,0.11,0.325,0.7471264367816092
1955,64061440,352846,0.408999662399292,16.775,9.64,0.51,0.0,2.4044550359249115,10.325,0.95,0.58,0.0,1.835,0.07,0.325,0.8227848101265823
1960,64225280,353497,0.23975011825561524,16.315,9.43,0.485,0.0,2.5394707322120667,10.015,0.935,0.555,0.0,1.555,0.105,0.37,0.7789473684210526
1965,64389120,354144,3.6779999256134035,18.1,10.38,0.555,0.0,2.745596796274185,10.83,1.015,0.66,0.0,1.985,0.115,0.35,0.7526881720430108
1970,64552960,354786,-1.941500062942505,16.05,9.285,0.47,0.0,2.5080611407756805,9.31,0.79,0.575,0.0,1.63,0.075,0.38,0.8351648351648352
1975,64716800,355436,-1.9640001964569092,16.135,9.37,0.48,0.0,1.9736956134438515,9.525,0.785,0.64,0.0,1.63,0.08,0.375,0.8241758241758241
1980,64880640,356059,0.8277498865127564,17.13,9.8,0.55,0.0,2.58616004884243,9.35,0.925,0.645,0.0,1.8,0.095,0.32,0.7710843373493976
1985,65044480,356687,0.08424982070922851,16.895,9.76,0.55,0.0,2.4089813232421875,9.465,0.975,0.51,0.0,1.75,0.065,0.29,0.8169014084507042
1990,65208320,357334,0.3712499666213989,17.15,10.015,0.525,0.0,2.5067796856164932,9.595,0.865,0.51,0.0,1.71,0.07,0.425,0.8585858585858586
1995,65372160,357997,-0.3380000686645508,16.61,9.405,0.475,0.0,2.6953262984752655,8.995,0.93,0.68,0.0,1.815,0.08,0.47,0.8545454545454545
2000,65536000,358647,-0.355750150680542,16.77,9.77,0.54,0.0,2.6264439523220062,9.495,0.815,0.535,0.0,1.735,0.095,0.375,0.7978723404255319
2005,65699840,359300,-0.780750060081482,16.015,9.275,0.465,0.0,2.2846200466156006,9.2,0.82,0.585,0.0,1.49,0.105,0.37,0.7789473684210526
2010,65863680,359960,-0.3462498569488525,16.2,9.565,0.545,0.0,2.2082359045743942,9.31,0.7,0.36,0.0,1.655,0.115,0.345,0.75
2015,66027520,360614,-0.11249991416931153,16.3,9.405,0.46,0.0,2.3857621401548386,8.87,0.86,0.395,0.0,1.6,0.1,0.29,0.7435897435897436
2020,66191360,361241,1.0900000953674316,17.345,10.095,0.555,0.0,2.7343882620334625,8.965,0.975,0.66,0.0,1.78,0.085,0.375,0.8152173913043478
2025,66355200,361846,0.9662499380111694,17.27,10.165,0.555,0.0,2.4502198845148087,9.23,0.9,0.48,0.0,1.815,0.07,0.355,0.8352941176470589
2030,66519040,362476,-0.0375001859664917,16.695,9.63,0.49,0.0,2.91849821805954,8.77,1.025,0.68,0.0,1.78,0.085,0.36,0.8089887640449438
2035,66682880,363123,0.27124996185302735,16.66,9.57,0.47,0.0,3.300193801522255,8.385,0.92,0.635,0.0,1.71,0.135,0.375,0.7352941176470589
2040,66846720,363766,0.3744999408721924,16.99,9.85,0.505,0.0,2.7318385243415833,8.87,1.085,0.495,0.0,1.73,0.08,0.415,0.8383838383838383
2045,67010560,364412,-0.19799993991851805,16.475,9.455,0.455,0.0,2.5008741915225983,8.725,1.0,0.335,0.0,1.72,0.09,0.365,0.8021978021978022
2050,67174400,365029,0.44149988174438476,16.8,9.5,0.475,0.0,3.01607309281826,9.005,0.92,0.515,0.0,1.855,0.11,0.395,0.7821782178217822
2055,67338240,365655,1.1010000371932984,16.99,9.955,0.53,0.0,2.732674241065979,9.7,0.97,0.54,0.0,1.765,0.13,0.26,0.6666666666666666
2060,67502080,366293,-1.1290002298355102,16.295,9.46,0.515,0.0,2.200690947473049,8.96,0.93,0.51,0.0,1.765,0.1,0.31,0.7560975609756098
2065,67665920,366919,0.27975003719329833,16.48,9.6,0.47,0.0,2.517933741211891,8.955,0.79,0.47,0.0,1.615,0.07,0.34,0.8292682926829268
2070,67829760,367539,-0.05349992275238037,16.97,9.745,0.57,0.0,2.6344382911920547,9.53,1.205,0.435,0.0,1.69,0.13,0.35,0.7291666666666666
2075,67993600,368190,-1.1347500991821289,16.52,9.385,0.485,0.0,2.2891921177506447,8.305,0.8,0.52,0.0,1.875,0.125,0.375,0.75
2080,68157440,368817,-0.13525013446807863,16.495,9.62,0.485,0.0,2.424872264266014,8.21,0.965,0.55,0.0,1.735,0.095,0.31,0.7654320987654321
2085,68321280,369455,-0.20275015354156495,16.105,9.355,0.47,0.0,2.5666210651397705,8.55,0.865,0.455,0.0,1.56,0.085,0.355,0.8068181818181818
2090,68485120,370120,-1.5624999475479127,16.4,9.45,0.515,0.0,2.2465232238173485,8.385,0.78,0.37,0.0,1.8,0.09,0.385,0.8105263157894737
2095,68648960,370767,1.1757500314712523,16.6,9.595,0.505,0.0,3.000215619802475,8.115,1.0,0.66,0.0,1.76,0.105,0.37,0.7789473684210526
2100,68812800,371416,-0.1460001516342163,16.32,9.37,0.505,0.0,2.835679918527603,8.475,1.08,0.305,0.0,1.7,0.1,0.32,0.7619047619047619
2105,68976640,372039,-0.5302501964569092,15.785,9.4,0.46,0.0,2.8974974155426025,8.19,0.82,0.64,0.0,1.45,0.09,0.335,0.788235294117647
2110,69140480,372695,-1.1172500848770142,15.85,9.135,0.445,0.0,2.728551521897316,8.285,1.11,0.485,0.0,1.72,0.085,0.33,0.7951807228915663
2115,69304320,373385,-0.411499981880188,15.865,9.205,0.46,0.0,2.97873517870903,8.405,0.99,0.57,0.0,1.585,0.105,0.315,0.75
2120,69468160,374047,-1.5077501344680786,16.275,9.39,0.49,0.0,2.254788286983967,8.62,0.995,0.46,0.0,1.55,0.1,0.36,0.782608695652174
2125,69632000,374690,-1.9072501134872437,15.555,8.96,0.44,0.0,2.4442453533411026,8.425,0.955,0.56,0.0,1.535,0.085,0.355,0.8068181818181818
2130,69795840,375310,0.4252500057220459,16.99,9.835,0.54,0.0,2.1256296932697296,9.08,0.975,0.555,0.0,1.8,0.11,0.375,0.7731958762886598
2135,69959680,375952,-0.16299978733062745,16.58,9.57,0.48,0.0,2.9577842950820923,8.655,0.925,0.625,0.0,1.765,0.105,0.29,0.7341772151898734
2140,70123520,376578,-0.2744999122619629,16.66,9.735,0.515,0.0,2.634199023246765,8.81,0.91,0.6,0.0,1.655,0.095,0.37,0.7956989247311828
2145,70287360,377226,-0.15575008392333983,16.675,9.575,0.5,0.0,2.569412037730217,8.6,0.995,0.545,0.0,1.69,0.085,0.375,0.8152173913043478
2150,70451200,377855,1.429249873161316,17.615,10.115,0.52,0.0,2.6110224574804306,8.855,1.315,0.57,0.0,1.845,0.095,0.365,0.7934782608695652
2155,70615040,378477,1.8027499389648438,17.465,10.12,0.545,0.0,2.681937098503113,8.995,1.21,0.56,0.0,1.81,0.145,0.365,0.7156862745098039
2160,70778880,379120,-0.837750096321106,16.03,9.445,0.445,0.0,2.8861198723316193,8.235,0.93,0.425,0.0,1.545,0.065,0.35,0.8433734939759037
2165,70942720,379716,0.628250036239624,17.23,10.04,0.525,0.0,2.6345970183610916,8.81,0.995,0.465,0.0,1.805,0.08,0.38,0.8260869565217391
2170,71106560,380349,-0.1755001401901245,16.445,9.5,0.495,0.0,2.7614154368638992,8.575,1.015,0.55,0.0,1.665,0.085,0.3,0.7792207792207793
2175,71270400,380999,-0.7332498359680176,16.76,9.65,0.5,0.0,2.6667550951242447,9.375,0.88,0.39,0.0,1.73,0.085,0.305,0.782051282051282
2180,71434240,381665,-0.013750061988830567,16.635,9.52,0.51,0.0,2.903059959411621,8.96,0.975,0.595,0.0,1.655,0.075,0.43,0.8514851485148515
2185,71598080,382304,1.5894999027252197,16.86,9.845,0.475,0.0,2.834370419383049,9.315,0.945,0.55,0.0,1.71,0.075,0.355,0.8255813953488372
2190,71761920,382957,2.0359998416900633,17.215,9.93,0.5,0.0,2.9640443921089172,9.09,1.03,0.475,0.0,1.835,0.13,0.355,0.7319587628865979
2195,71925760,383603,-0.7267500162124634,16.355,9.41,0.465,0.0,2.662921816110611,8.925,0.8,0.52,0.0,1.675,0.095,0.315,0.7682926829268293
2200,72089600,384263,-0.23124978542327881,16.55,9.56,0.485,0.0,2.644456312060356,9.105,1.05,0.435,0.0,1.695,0.09,0.335,0.788235294117647
2205,72253440,384926,-0.5367498970031739,16.57,9.425,0.51,0.0,2.7239349633455276,9.065,1.085,0.59,0.0,1.72,0.1,0.345,0.7752808988764045
2210,72417280,385584,0.06249993801116943,16.75,9.62,0.48,0.0,2.4754166156053543,9.085,1.025,0.525,0.0,1.71,0.125,0.32,0.7191011235955056
2215,72581120,386266,-1.851499924659729,15.81,9.215,0.485,0.0,2.971802279353142,8.485,0.675,0.435,0.0,1.515,0.09,0.355,0.797752808988764
2220,72744960,386912,1.9959999990463257,17.05,9.945,0.555,0.0,2.6409007161855698,9.065,1.01,0.545,0.0,1.725,0.135,0.32,0.7032967032967034
2225,72908800,387568,0.885749773979187,17.105,9.89,0.515,0.0,2.868025839328766,8.955,0.87,0.465,0.0,1.81,0.13,0.42,0.7636363636363637
2230,73072640,388224,-0.7007499980926514,16.56,9.43,0.495,0.0,2.8677010536193848,8.59,0.93,0.395,0.0,1.745,0.12,0.41,0.7735849056603774
2235,73236480,388858,2.293749837875366,17.41,10.215,0.51,0.0,2.6096998006105423,9.155,1.08,0.635,0.0,1.655,0.065,0.335,0.8375
2240,73400320,389499,-1.4717499256134032,15.835,9.245,0.45,0.0,2.5462405532598495,8.385,1.06,0.46,0.0,1.59,0.1,0.335,0.7701149425287356
2245,73564160,390136,-0.35125007152557375,16.605,9.62,0.465,0.0,2.698885276913643,8.98,0.985,0.45,0.0,1.72,0.08,0.345,0.8117647058823529
2250,73728000,390762,0.8889999294281006,16.66,9.74,0.435,0.0,3.597643703222275,8.83,0.925,0.625,0.0,1.695,0.075,0.375,0.8333333333333334
2255,73891840,391384,3.6230001640319824,17.75,10.235,0.575,0.0,2.511380948126316,9.49,1.26,0.55,0.0,1.845,0.11,0.42,0.7924528301886793
2260,74055680,392041,-0.737750301361084,16.25,9.635,0.46,0.0,2.900798797607422,8.715,1.06,0.525,0.0,1.515,0.08,0.35,0.813953488372093
2265,74219520,392706,-0.6482500314712525,16.52,9.595,0.49,0.0,3.1940054893493652,9.21,1.105,0.51,0.0,1.76,0.075,0.39,0.8387096774193549
2270,74383360,393358,2.9277498531341553,17.285,10.065,0.545,0.0,3.032882109284401,9.37,0.94,0.505,0.0,1.765,0.115,0.325,0.7386363636363636
2275,74547200,393997,-0.3182498931884766,16.565,9.44,0.47,0.0,3.1391901075839996,9.23,1.02,0.525,0.0,1.73,0.13,0.3,0.6976744186046512
2280,74711040,394669,-0.8837499189376831,15.94,9.165,0.46,0.0,2.8108061850070953,9.195,0.98,0.665,0.0,1.55,0.11,0.32,0.7441860465116279
2285,74874880,395302,1.539250011444092,17.285,10.32,0.525,0.0,3.0573038458824158,9.705,0.855,0.415,0.0,1.69,0.065,0.275,0.8088235294117647
2290,75038720,395940,0.31050018310546873,17.19,10.1,0.515,0.0,3.072032257914543,9.71,0.89,0.58,0.0,1.87,0.1,0.3,0.75
2295,75202560,396570,1.1319999933242797,16.66,9.74,0.495,0.0,3.128645598888397,8.965,0.9,0.485,0.0,1.655,0.065,0.28,0.8115942028985508
2300,75366400,397193,-0.4450000238418579,16.02,9.39,0.44,0.0,3.658809006214142,9.04,0.97,0.575,0.0,1.53,0.08,0.34,0.8095238095238095
2305,75530240,397834,0.29000006675720214,16.88,9.79,0.47,0.0,3.2427189648151398,10.06,0.905,0.635,0.0,1.72,0.075,0.36,0.8275862068965517
2310,75694080,398480,2.029999923706055,16.89,9.785,0.51,0.0,2.8292695730924606,9.9,1.17,0.445,0.0,1.815,0.13,0.345,0.7263157894736842
2315,75857920,399134,-0.6152502059936523,15.805,9.09,0.38,0.0,3.539111614227295,9.14,1.03,0.44,0.0,1.555,0.11,0.305,0.7349397590361446
2320,76021760,399768,1.9640000820159913,16.7,9.78,0.465,0.0,3.434168815612793,8.69,0.935,0.65,0.0,1.695,0.08,0.41,0.8367346938775511
2325,76185600,400399,1.2459998083114625,16.92,9.86,0.52,0.0,3.3579549193382263,8.845,1.055,0.615,0.0,1.765,0.105,0.385,0.7857142857142857
2330,76349440,401038,1.3290001344680786,17.2,10.165,0.56,0.0,2.9899800419807434,9.04,0.905,0.515,0.0,1.775,0.065,0.315,0.8289473684210527
2335,76513280,401662,-0.16250008583068848,16.245,9.475,0.47,0.0,2.586675226688385,8.385,0.79,0.55,0.0,1.63,0.075,0.29,0.7945205479452054
2340,76677120,402292,1.6309998989105225,16.935,9.96,0.545,0.0,2.9735628813505173,8.6,0.965,0.505,0.0,1.69,0.105,0.345,0.7666666666666667
2345,76840960,402915,0.5142501831054688,16.385,9.485,0.485,0.0,2.716707170009613,8.22,0.82,0.605,0.0,1.585,0.075,0.33,0.8148148148148148
2350,77004800,403569,-0.46149989128112795,16.17,9.315,0.49,0.0,3.0807960778474808,8.145,1.115,0.685,0.0,1.68,0.09,0.29,0.7631578947368421
2355,77168640,404215,-1.4112501764297485,15.695,9.105,0.42,0.0,2.705172747373581,7.89,0.895,0.57,0.0,1.47,0.075,0.295,0.7972972972972973
2360,77332480,404837,-0.829250168800354,16.125,9.355,0.47,0.0,2.446469135582447,8.365,1.005,0.49,0.0,1.595,0.1,0.32,0.7619047619047619
2365,77496320,405446,-1.2225001859664917,16.24,9.31,0.505,0.0,3.17392797768116,8.24,0.975,0.52,0.0,1.635,0.07,0.425,0.8585858585858586
2370,77660160,406068,-0.5880000495910644,16.495,9.52,0.445,0.0,2.9344970881938934,8.65,0.835,0.545,0.0,1.8,0.06,0.305,0.8356164383561644
2375,77824000,406691,0.864500126838684,17.045,9.605,0.555,0.0,2.425992451608181,8.315,0.91,0.53,0.0,1.855,0.085,0.415,0.83
2380,77987840,407292,0.8704998588562012,17.095,9.86,0.485,0.0,2.3285681530833244,8.77,1.0,0.56,0.0,1.86,0.105,0.365,0.776595744680851
2385,78151680,407938,0.2734997797012329,16.715,9.52,0.515,0.0,2.5644223988056183,8.69,0.91,0.615,0.0,1.78,0.08,0.27,0.7714285714285715
2390,78315520,408580,-0.528499984741211,16.155,9.25,0.48,0.0,2.3934007361531258,8.31,0.865,0.645,0.0,1.645,0.1,0.42,0.8076923076923077
2395,78479360,409226,-1.4410000514984131,15.735,9.005,0.475,0.0,2.5372903794050217,8.06,0.675,0.465,0.0,1.675,0.1,0.335,0.7701149425287356
2400,78643200,409864,-0.12600000858306884,16.5,9.755,0.5,0.0,2.6372686475515366,8.645,0.815,0.605,0.0,1.58,0.065,0.4,0.8602150537634409
2405,78807040,410512,-2.5119999742507932,15.77,9.13,0.46,0.0,2.1460017561912537,8.19,0.815,0.395,0.0,1.535,0.08,0.32,0.8
2410,78970880,411139,0.8684999418258667,16.995,9.905,0.53,0.0,2.9331115931272507,9.085,0.83,0.57,0.0,1.695,0.13,0.32,0.7111111111111111
2415,79134720,411757,2.528250036239624,17.675,10.375,0.505,0.0,2.583357110619545,9.06,0.975,0.565,0.0,1.775,0.1,0.34,0.7727272727272727
2420,79298560,412399,-0.6539998817443847,16.47,9.43,0.49,0.0,2.8482562452554703,8.06,0.705,0.48,0.0,1.77,0.055,0.325,0.8552631578947368
2425,79462400,413027,1.30900004863739,16.885,9.75,0.53,0.0,2.4578228145837784,8.945,0.93,0.68,0.0,1.815,0.075,0.37,0.8314606741573034
2430,79626240,413676,-2.120750136375427,15.085,8.755,0.405,0.0,2.786403015255928,8.105,0.85,0.495,0.0,1.485,0.12,0.3,0.7142857142857143
2435,79790080,414308,0.9107500028610229,17.245,9.96,0.51,0.0,2.6061862111091614,8.905,0.985,0.515,0.0,1.775,0.105,0.345,0.7666666666666667
2440,79953920,414931,0.28424992084503176,17.065,9.83,0.51,0.0,2.3865911811590195,9.625,0.935,0.735,0.0,1.8,0.085,0.36,0.8089887640449438
2445,80117760,415554,-0.49274984836578367,16.335,9.445,0.48,0.0,2.7921987920999527,9.29,0.865,0.71,0.0,1.72,0.095,0.41,0.8118811881188119
2450,80281600,416184,0.008999886512756348,16.385,9.485,0.47,0.0,3.0333030074834824,9.275,0.94,0.605,0.0,1.77,0.105,0.325,0.7558139534883721
2455,80445440,416833,-0.6375000476837158,16.55,9.5,0.495,0.0,2.8666586875915527,9.68,0.81,0.55,0.0,1.745,0.13,0.355,0.7319587628865979
2460,80609280,417467,2.4374999237060546,17.56,10.07,0.53,0.0,2.8856099247932434,10.495,1.055,0.59,0.0,1.84,0.1,0.38,0.7916666666666666
2465,80773120,418118,-1.0622499322891235,15.895,9.33,0.46,0.0,3.1328204721212387,9.1,0.935,0.415,0.0,1.565,0.105,0.34,0.7640449438202247
2470,80936960,418766,1.2607500171661377,17.1,10.17,0.555,0.0,3.101462870836258,10.085,1.035,0.435,0.0,1.685,0.105,0.295,0.7375
2475,81100800,419433,-0.8425001907348633,16.145,9.485,0.475,0.0,3.1332537084817886,9.43,0.905,0.425,0.0,1.605,0.1,0.33,0.7674418604651163
2480,81264640,420095,0.8942501831054688,16.55,9.485,0.48,0.0,3.078435093164444,9.41,0.94,0.61,0.0,1.76,0.09,0.345,0.7931034482758621
2485,81428480,420760,-0.1294999074935913,16.71,9.645,0.57,0.0,3.134800508618355,9.51,0.895,0.57,0.0,1.705,0.125,0.335,0.7282608695652174
2490,81592320,421429,-0.605500226020813,16.575,9.73,0.485,0.0,2.6804909855127335,9.475,1.0,0.535,0.0,1.675,0.1,0.3,0.75
2495,81756160,422098,-1.0637500858306885,16.23,9.295,0.5,0.0,2.7541779279708862,9.255,1.135,0.435,0.0,1.69,0.085,0.3,0.7792207792207793
2500,81920000,422752,0.37399992942810056,17.095,9.785,0.52,0.0,2.8709400296211243,9.59,1.085,0.62,0.0,1.745,0.07,0.5,0.8771929824561403
2505,82083840,423423,0.7027498292922973,16.505,9.505,0.49,0.0,2.96400186419487,9.4,1.05,0.58,0.0,1.635,0.095,0.375,0.7978723404255319
2510,82247680,424056,1.0759999608993531,16.81,9.915,0.525,0.0,2.8460529148578644,9.67,1.055,0.595,0.0,1.74,0.12,0.355,0.7473684210526316
2515,82411520,424711,-0.35075003623962403,16.51,9.455,0.485,0.0,2.568566843867302,9.05,1.01,0.645,0.0,1.65,0.055,0.39,0.8764044943820225
2520,82575360,425325,1.78999990940094,17.44,9.93,0.52,0.0,2.70916411280632,10.045,1.065,0.49,0.0,1.845,0.13,0.365,0.7373737373737373
2525,82739200,425962,0.3557498836517334,17.2,10.025,0.55,0.0,2.8868419528007507,10.16,0.96,0.49,0.0,1.83,0.065,0.44,0.8712871287128713
2530,82903040,426586,3.468250184059143,17.81,10.29,0.55,0.0,3.1208847612142563,10.55,1.175,0.655,0.0,1.83,0.1,0.425,0.8095238095238095
2535,83066880,427226,0.7047499942779542,16.95,9.875,0.53,0.0,3.0826008915901184,9.99,1.0,0.51,0.0,1.735,0.12,0.36,0.75
2540,83230720,427856,1.0032499647140503,17.11,9.75,0.51,0.0,3.122243046760559,9.675,1.14,0.64,0.0,1.89,0.095,0.4,0.8080808080808081
2545,83394560,428490,-2.2367502069473266,15.78,9.275,0.475,0.0,2.6976640671491623,9.31,0.78,0.38,0.0,1.575,0.095,0.315,0.7682926829268293
2550,83558400,429120,0.9579998397827149,17.18,9.965,0.525,0.0,3.0321502089500427,10.2,0.925,0.47,0.0,1.755,0.11,0.36,0.7659574468085106
2555,83722240,429746,0.48850001811981203,16.645,9.87,0.52,0.0,2.50970558822155,9.79,0.895,0.555,0.0,1.675,0.095,0.345,0.7840909090909091
2560,83886080,430367,0.35174970626831054,16.535,9.445,0.48,0.0,2.918936938047409,9.72,0.89,0.575,0.0,1.815,0.085,0.325,0.7926829268292683
2565,84049920,431003,-0.48425007581710816,16.155,9.34,0.48,0.0,2.629696846008301,9.095,0.93,0.605,0.0,1.66,0.07,0.35,0.8333333333333334
2570,84213760,431621,3.092749948501587,17.495,10.145,0.565,0.0,2.7812139689922333,10.33,1.05,0.74,0.0,1.8,0.06,0.335,0.8481012658227848
2575,84377600,432251,0.19700000286102295,16.465,9.495,0.445,0.0,3.036136880517006,9.32,0.925,0.655,0.0,1.68,0.09,0.25,0.7352941176470589
2580,84541440,432881,0.764500060081482,17.23,9.79,0.505,0.0,2.9777853190898895,9.54,1.065,0.615,0.0,1.775,0.11,0.355,0.7634408602150538
2585,84705280,433503,1.1714999198913574,17.035,9.825,0.56,0.0,3.1309490501880646,9.21,1.02,0.69,0.0,1.82,0.095,0.33,0.7764705882352941
2590,84869120,434149,1.2817500352859497,17.005,9.86,0.515,0.0,3.1258832812309265,9.275,0.925,0.635,0.0,1.735,0.095,0.33,0.7764705882352941
2595,85032960,434766,2.0225000953674317,17.335,10.075,0.505,0.0,2.724338173866272,9.18,0.87,0.505,0.0,1.72,0.11,0.425,0.794392523364486
2600,85196800,435370,1.972000150680542,17.29,10.04,0.53,0.0,3.0870566070079803,9.31,0.94,0.675,0.0,1.835,0.085,0.37,0.8131868131868132
2605,85360640,436002,1.2622500562667847,16.82,9.745,0.495,0.0,2.6883182674646378,9.12,1.0,0.585,0.0,1.835,0.1,0.335,0.7701149425287356
2610,85524480,436645,-0.4382499933242798,16.625,9.655,0.535,0.0,2.849651336669922,8.88,0.845,0.55,0.0,1.73,0.08,0.45,0.8490566037735849
2615,85688320,437276,1.662500171661377,17.03,9.985,0.555,0.0,2.7774668633937836,8.79,0.935,0.505,0.0,1.705,0.065,0.44,0.8712871287128713
2620,85852160,437912,0.4940000867843628,17.18,9.955,0.49,0.0,2.3510215654969215,9.02,1.005,0.65,0.0,1.625,0.07,0.41,0.8541666666666666
2625,86016000,438534,1.7909999418258666,16.67,9.7,0.52,0.0,2.898263618350029,8.85,1.055,0.63,0.0,1.775,0.07,0.305,0.8133333333333334
2630,86179840,439185,-0.057750062942504884,16.2,9.29,0.475,0.0,3.1515536457300186,8.46,0.935,0.645,0.0,1.61,0.075,0.35,0.8235294117647058
2635,86343680,439841,1.2344999456405639,16.895,9.79,0.54,0.0,2.7769927233457565,9.385,1.065,0.61,0.0,1.73,0.095,0.43,0.819047619047619
2640,86507520,440490,0.24825001239776612,17.0,9.8,0.51,0.0,2.8099734783172607,9.75,0.975,0.715,0.0,1.73,0.075,0.395,0.8404255319148937
2645,86671360,441162,-1.186500196456909,16.1,9.41,0.475,0.0,2.64217072725296,9.715,0.915,0.49,0.0,1.635,0.11,0.35,0.7608695652173914
2650,86835200,441829,0.05374993324279785,16.44,9.475,0.51,0.0,2.722934827208519,9.495,0.925,0.65,0.0,1.61,0.14,0.34,0.7083333333333334
2655,86999040,442462,0.24624990940093994,17.085,9.87,0.53,0.0,3.0705384463071823,9.54,1.03,0.63,0.0,1.795,0.12,0.385,0.7623762376237624
2660,87162880,443120,0.42399988651275633,16.57,9.7,0.51,0.0,2.9794165045022964,9.54,1.135,0.67,0.0,1.7,0.115,0.275,0.7051282051282052
2665,87326720,443778,-0.14725027561187745,16.425,9.63,0.5,0.0,3.2288573682308197,9.805,0.915,0.62,0.0,1.585,0.09,0.34,0.7906976744186046
2670,87490560,444402,1.147499852180481,17.195,10.01,0.55,0.0,2.930037945508957,10.255,1.1,0.67,0.0,1.715,0.11,0.44,0.8
2675,87654400,445051,1.2105002117156982,16.85,9.95,0.525,0.0,2.7312946170568466,9.56,0.915,0.445,0.0,1.835,0.11,0.25,0.6944444444444444
2680,87818240,445684,-1.4659998989105225,16.09,9.1,0.48,0.0,2.7399908900260925,9.285,0.97,0.55,0.0,1.755,0.105,0.385,0.7857142857142857
2685,87982080,446311,0.858499665260315,16.775,9.715,0.515,0.0,3.0710084289312363,9.595,0.95,0.6,0.0,1.685,0.105,0.32,0.7529411764705882
2690,88145920,446932,0.617000150680542,17.335,10.005,0.54,0.0,2.910575047135353,10.175,0.945,0.635,0.0,1.77,0.11,0.36,0.7659574468085106
2695,88309760,447570,1.9737501192092894,17.4,10.065,0.59,0.0,2.6553774923086166,10.19,1.15,0.615,0.0,1.805,0.125,0.285,0.6951219512195121
2700,88473600,448174,2.595249819755554,17.75,10.2,0.57,0.0,3.315680429339409,9.575,1.11,0.72,0.0,1.92,0.11,0.415,0.7904761904761904
2705,88637440,448797,-0.6622501182556152,16.47,9.475,0.455,0.0,2.981842204928398,8.745,1.03,0.59,0.0,1.745,0.14,0.315,0.6923076923076923
2710,88801280,449438,-0.013000097274780274,16.205,9.31,0.47,0.0,3.2339770197868347,8.725,0.98,0.55,0.0,1.705,0.115,0.35,0.7526881720430108
2715,88965120,450039,3.1730001878738405,17.93,10.295,0.57,0.0,3.2147761434316635,9.56,1.275,0.7,0.0,1.95,0.135,0.32,0.7032967032967034
2720,89128960,450653,1.6890001106262207,17.5,10.135,0.56,0.0,3.4432001262903214,9.655,1.195,0.605,0.0,1.815,0.11,0.295,0.7283950617283951
2725,89292800,451286,0.8342499828338623,16.97,9.78,0.53,0.0,2.511607699096203,9.315,1.065,0.46,0.0,1.71,0.105,0.32,0.7529411764705882
2730,89456640,451906,0.35299999713897706,16.185,9.54,0.47,0.0,2.9863212555646896,8.82,1.24,0.485,0.0,1.545,0.11,0.305,0.7349397590361446
2735,89620480,452537,-2.170750226974487,15.335,8.895,0.445,0.0,2.9199133664369583,8.25,0.94,0.575,0.0,1.485,0.115,0.38,0.7676767676767676
2740,89784320,453152,0.7629998779296875,17.025,9.81,0.5,0.0,3.470178186893463,8.505,1.225,0.715,0.0,1.71,0.09,0.41,0.82
2745,89948160,453804,0.6792499589920044,17.05,9.93,0.485,0.0,3.073701098561287,8.77,1.165,0.615,0.0,1.69,0.06,0.4,0.8695652173913043
2750,90112000,454464,-0.2242499303817749,15.86,9.21,0.44,0.0,3.037774473428726,8.24,1.1,0.465,0.0,1.54,0.075,0.37,0.8314606741573034
2755,90275840,455079,0.0365001106262207,16.855,9.79,0.555,0.0,2.71261827647686,8.645,1.08,0.53,0.0,1.815,0.085,0.36,0.8089887640449438
2760,90439680,455706,-0.017750134468078615,16.79,9.655,0.505,0.0,2.8172919303178787,8.88,1.09,0.63,0.0,1.725,0.09,0.365,0.8021978021978022
2765,90603520,456321,2.9162498617172243,17.575,10.36,0.555,0.0,2.8551450669765472,9.485,1.11,0.45,0.0,1.8,0.09,0.355,0.797752808988764
2770,90767360,456936,1.9990000486373902,17.49,9.96,0.55,0.0,2.8850566744804382,9.48,1.24,0.67,0.0,1.85,0.075,0.375,0.8333333333333334
2775,90931200,457554,0.8084999465942383,17.315,10.06,0.555,0.0,3.076911821961403,9.3,1.055,0.695,0.0,1.795,0.085,0.365,0.8111111111111111
2780,91095040,458162,0.7720000171661376,17.71,10.25,0.565,0.0,2.6251447647809982,10.045,0.92,0.765,0.0,1.855,0.085,0.45,0.8411214953271028
2785,91258880,458738,2.853250060081482,17.405,10.1,0.555,0.0,2.8755528032779694,9.91,1.13,0.605,0.0,1.795,0.105,0.34,0.7640449438202247
2790,91422720,459373,0.8375000333786011,17.2,9.94,0.51,0.0,3.179002121090889,9.45,1.03,0.55,0.0,1.78,0.09,0.445,0.8317757009345794
2795,91586560,459994,0.2012498188018799,16.13,9.315,0.465,0.0,3.4379183799028397,8.845,0.925,0.58,0.0,1.67,0.055,0.34,0.8607594936708861
2800,91750400,460608,1.8645001888275146,17.63,10.105,0.56,0.0,3.7631026059389114,10.005,0.965,0.445,0.0,1.78,0.09,0.365,0.8021978021978022
2805,91914240,461202,2.4189997005462645,17.835,10.54,0.57,0.0,3.8146376609802246,10.435,1.145,0.675,0.0,1.83,0.115,0.305,0.7261904761904762
2810,92078080,461813,2.850749864578247,17.385,10.165,0.54,0.0,3.576153874397278,9.99,1.165,0.625,0.0,1.765,0.085,0.34,0.8
2815,92241920,462412,2.5857497787475587,17.65,10.165,0.545,0.0,3.292954057455063,9.53,1.15,0.66,0.0,1.91,0.1,0.33,0.7674418604651163
2820,92405760,463018,2.3960000896453857,17.36,9.985,0.56,0.0,3.0337962359189987,9.59,1.15,0.54,0.0,1.755,0.07,0.365,0.8390804597701149
2825,92569600,463629,2.584749798774719,17.435,10.155,0.55,0.0,3.3531759828329086,9.98,1.2,0.635,0.0,1.88,0.075,0.335,0.8170731707317073
2830,92733440,464236,3.2162498664855956,17.72,10.31,0.515,0.0,3.5440840870141983,9.64,1.125,0.645,0.0,1.84,0.13,0.345,0.7263157894736842
2835,92897280,464853,2.367250065803528,17.47,9.885,0.55,0.0,2.989462688565254,8.855,1.215,0.5,0.0,1.835,0.085,0.29,0.7733333333333333
2840,93061120,465465,0.8837501859664917,16.935,9.825,0.485,0.0,2.9422454088926315,8.625,1.055,0.57,0.0,1.765,0.095,0.415,0.8137254901960784
2845,93224960,466057,2.719749937057495,17.555,10.235,0.585,0.0,3.1419742107391357,9.1,1.235,0.575,0.0,1.835,0.085,0.32,0.7901234567901234
2850,93388800,466669,1.5294998359680176,17.02,9.85,0.46,0.0,3.50988832116127,8.93,1.19,0.395,0.0,1.815,0.09,0.355,0.797752808988764
2855,93552640,467269,2.4272501039505006,17.975,10.44,0.575,0.0,3.298472210764885,9.475,1.16,0.625,0.0,1.915,0.07,0.305,0.8133333333333334
2860,93716480,467893,2.242000198364258,17.19,10.05,0.56,0.0,3.4143833070993423,9.375,1.04,0.705,0.0,1.845,0.12,0.405,0.7714285714285715
2865,93880320,468504,1.0327500295639038,17.21,9.94,0.58,0.0,3.4158964306116104,9.445,1.235,0.625,0.0,1.84,0.09,0.4,0.8163265306122449
2870,94044160,469144,-0.598749942779541,16.55,9.59,0.48,0.0,3.3728428035974503,9.41,0.965,0.505,0.0,1.59,0.085,0.345,0.8023255813953488
2875,94208000,469762,2.0177501440048218,17.195,10.015,0.56,0.0,3.4062342941761017,8.885,0.97,0.595,0.0,1.75,0.075,0.32,0.810126582278481
2880,94371840,470394,0.6039998960494996,17.365,9.925,0.525,0.0,3.327486276626587,9.495,0.925,0.595,0.0,1.85,0.1,0.32,0.7619047619047619
2885,94535680,471033,2.5065000534057615,17.365,10.08,0.545,0.0,2.8426562398672104,9.595,1.025,0.685,0.0,1.79,0.1,0.4,0.8
2890,94699520,471652,-0.16775013446807863,16.88,9.74,0.5,0.0,2.745919480919838,9.28,0.945,0.545,0.0,1.7,0.095,0.365,0.7934782608695652
2895,94863360,472289,2.948000178337097,17.5,10.275,0.535,0.0,3.37794591486454,9.585,1.085,0.53,0.0,1.855,0.05,0.4,0.8888888888888888
2900,95027200,472931,-0.17024991989135743,16.425,9.405,0.49,0.0,3.8992283195257187,9.015,1.135,0.575,0.0,1.605,0.075,0.36,0.8275862068965517
2905,95191040,473579,1.2327499675750733,17.645,10.145,0.57,0.0,2.435615301132202,10.065,1.055,0.535,0.0,1.895,0.1,0.385,0.7938144329896907
2910,95354880,474228,1.8525000095367432,16.92,9.76,0.495,0.0,3.330653578042984,9.68,1.195,0.59,0.0,1.685,0.075,0.435,0.8529411764705882
2915,95518720,474878,1.8572499322891236,17.095,9.785,0.51,0.0,3.269593358039856,9.75,1.07,0.655,0.0,1.78,0.105,0.31,0.7469879518072289
2920,95682560,475529,1.2754998636245727,16.56,9.54,0.47,0.0,3.3184110075235367,9.565,1.22,0.46,0.0,1.565,0.075,0.345,0.8214285714285714
2925,95846400,476136,2.93175003528595,17.675,10.275,0.53,0.0,3.4793169796466827,9.91,1.08,0.5,0.0,1.865,0.07,0.395,0.8494623655913979
2930,96010240,476801,-0.22674997329711913,16.365,9.655,0.485,0.0,2.5854780673980713,9.0,1.095,0.54,0.0,1.485,0.1,0.385,0.7938144329896907
2935,96174080,477451,2.6195000791549683,17.85,10.205,0.525,0.0,3.0506788939237595,9.84,1.125,0.745,0.0,1.84,0.115,0.405,0.7788461538461539
2940,96337920,478081,1.4757500171661377,17.08,9.855,0.525,0.0,3.2547209411859512,9.375,0.945,0.68,0.0,1.855,0.115,0.34,0.7472527472527473
2945,96501760,478712,2.5515000200271607,17.14,10.01,0.48,0.0,3.3202851712703705,9.51,0.945,0.51,0.0,1.7,0.09,0.35,0.7954545454545454
2950,96665600,479335,2.9302499532699584,17.69,10.305,0.545,0.0,3.921168342232704,10.27,1.19,0.535,0.0,1.93,0.15,0.35,0.7
2955,96829440,479949,1.7477499485015868,17.805,10.365,0.585,0.0,3.3733893781900406,10.35,1.15,0.535,0.0,1.94,0.085,0.395,0.8229166666666666
2960,96993280,480555,2.193000149726868,17.25,9.83,0.525,0.0,3.5287662148475647,9.88,1.22,0.65,0.0,1.765,0.095,0.385,0.8020833333333334
2965,97157120,481208,1.4282499313354493,17.17,9.905,0.54,0.0,3.238411545753479,10.015,1.12,0.69,0.0,1.76,0.135,0.405,0.75
2970,97320960,481842,0.3832499647140503,16.495,9.605,0.475,0.0,3.0269412994384766,9.305,1.14,0.495,0.0,1.645,0.095,0.37,0.7956989247311828
2975,97484800,482494,1.084750165939331,17.105,9.975,0.48,0.0,3.1612702310085297,9.165,1.035,0.75,0.0,1.725,0.12,0.35,0.7446808510638298
2980,97648640,483118,2.8012501764297486,17.545,10.35,0.52,0.0,3.4095586985349655,9.475,1.075,0.705,0.0,1.75,0.115,0.395,0.7745098039215687
2985,97812480,483741,0.8022498178482056,17.1,9.83,0.495,0.0,3.0766115188598633,9.495,1.3,0.425,0.0,1.69,0.09,0.29,0.7631578947368421
2990,97976320,484358,4.325250105857849,18.14,10.58,0.615,0.0,3.195561319589615,9.445,1.165,0.62,0.0,1.975,0.06,0.36,0.8571428571428571
2995,98140160,485015,1.5395000267028809,16.74,9.62,0.505,0.0,3.678366631269455,8.4,1.03,0.84,0.0,1.815,0.105,0.335,0.7613636363636364
3000,98304000,485631,2.4262498950958253,17.39,10.15,0.525,0.0,3.652259796857834,8.69,1.275,0.615,0.0,1.73,0.105,0.335,0.7613636363636364
3005,98467840,486243,1.4954998970031739,17.135,9.99,0.525,0.0,3.167280375957489,9.095,1.31,0.74,0.0,1.76,0.075,0.33,0.8148148148148148
3010,98631680,486886,0.9785000276565552,16.935,9.815,0.475,0.0,4.010249480605125,9.075,1.125,0.85,0.0,1.705,0.105,0.34,0.7640449438202247
3015,98795520,487488,1.6559998893737793,17.25,10.115,0.51,0.0,3.478638842701912,9.29,1.12,0.43,0.0,1.77,0.115,0.365,0.7604166666666666
3020,98959360,488126,1.7840000128746032,17.265,9.905,0.55,0.0,3.3370657861232758,8.94,1.16,0.61,0.0,1.93,0.115,0.275,0.7051282051282052
3025,99123200,488740,2.0444999074935915,17.415,10.14,0.565,0.0,3.072055473923683,9.485,1.38,0.58,0.0,1.745,0.115,0.33,0.7415730337078652
3030,99287040,489367,-0.8250000619888306,16.145,9.4,0.47,0.0,3.0314465910196304,8.485,0.935,0.56,0.0,1.565,0.105,0.325,0.7558139534883721
3035,99450880,489988,0.33200003623962404,16.72,9.89,0.505,0.0,2.7789153903722763,9.14,1.04,0.75,0.0,1.69,0.1,0.345,0.7752808988764045
3040,99614720,490603,1.0300000095367432,17.11,9.975,0.515,0.0,3.0097844898700714,9.31,1.16,0.455,0.0,1.77,0.115,0.285,0.7125
3045,99778560,491219,2.6832501316070556,17.465,10.285,0.54,0.0,3.18060964345932,9.36,1.25,0.47,0.0,1.835,0.095,0.345,0.7840909090909091
3050,99942400,491824,1.8492497849464415,17.28,9.875,0.535,0.0,3.289692774415016,8.785,1.095,0.685,0.0,1.905,0.09,0.395,0.8144329896907216
3055,100106240,492434,2.8309999465942384,17.24,9.995,0.54,0.0,3.080611452460289,9.755,1.41,0.675,0.0,1.595,0.14,0.33,0.7021276595744681
3060,100270080,493024,2.814249882698059,17.3,10.085,0.485,0.0,3.269700273871422,9.57,1.15,0.62,0.0,1.785,0.145,0.445,0.7542372881355932
3065,100433920,493633,1.3645000123977662,17.335,10.27,0.53,0.0,3.552849680185318,9.7,1.235,0.57,0.0,1.725,0.08,0.4,0.8333333333333334
3070,100597760,494247,-0.12850010871887207,16.72,9.7,0.51,0.0,3.493055284023285,9.515,0.99,0.53,0.0,1.715,0.12,0.335,0.7362637362637363
3075,100761600,494874,0.9482501649856567,16.965,9.795,0.505,0.0,3.4473082423210144,9.49,1.16,0.47,0.0,1.705,0.095,0.375,0.7978723404255319
3080,100925440,495492,2.1215000629425047,17.465,9.99,0.53,0.0,3.9655313938856125,9.165,1.09,0.49,0.0,1.785,0.11,0.335,0.7528089887640449
3085,101089280,496096,3.758249843120575,17.725,10.345,0.57,0.0,3.6883177906274796,9.645,1.105,0.62,0.0,1.91,0.09,0.39,0.8125
3090,101253120,496693,2.164749755859375,17.395,9.93,0.505,0.0,3.8083095848560333,9.45,1.075,0.71,0.0,1.88,0.085,0.445,0.839622641509434
3095,101416960,497300,3.841749930381775,18.065,10.45,0.61,0.0,2.7492541074752808,9.69,1.09,0.575,0.0,1.925,0.09,0.345,0.7931034482758621
3100,101580800,497866,2.9397499108314515,17.91,10.375,0.54,0.0,3.2455435544252396,9.91,1.26,0.585,0.0,1.93,0.105,0.435,0.8055555555555556
3105,101744640,498487,0.5052499198913574,16.635,9.725,0.53,0.0,3.148864135146141,9.32,1.045,0.515,0.0,1.58,0.09,0.355,0.797752808988764
3110,101908480,499090,4.726750154495239,17.845,10.47,0.575,0.0,3.2463152706623077,9.92,1.0,0.7,0.0,1.815,0.15,0.38,0.7169811320754716
3115,102072320,499709,2.2787501668930052,17.365,10.08,0.575,0.0,3.204844370484352,9.995,1.165,0.645,0.0,1.765,0.085,0.46,0.8440366972477065
3120,102236160,500306,2.9329996156692504,17.77,10.16,0.565,0.0,3.73246893286705,10.275,1.135,0.605,0.0,1.86,0.07,0.38,0.8444444444444444
3125,102400000,500951,-0.5797501611709595,16.145,9.255,0.455,0.0,3.4217593669891357,9.06,0.935,0.605,0.0,1.585,0.11,0.31,0.7380952380952381
3130,102563840,501562,0.7262501525878906,16.935,10.035,0.515,0.0,2.925076887011528,9.6,1.055,0.655,0.0,1.575,0.16,0.385,0.7064220183486238
3135,102727680,502182,3.516999897956848,17.67,10.36,0.555,0.0,3.074522614479065,10.685,1.045,0.49,0.0,1.78,0.14,0.305,0.6853932584269663
3140,102891520,502791,1.515749831199646,17.91,10.305,0.535,0.0,3.387306794524193,10.67,1.155,0.63,0.0,1.82,0.23,0.34,0.5964912280701754
3145,103055360,503403,2.1222499895095823,17.14,10.16,0.51,0.0,3.2672115713357925,10.385,1.07,0.705,0.0,1.69,0.16,0.275,0.632183908045977
3150,103219200,504030,0.6059998178482056,16.645,9.59,0.525,0.0,3.2079123854637146,9.485,1.08,0.53,0.0,1.72,0.11,0.385,0.7777777777777778
3155,103383040,504601,3.587999858856201,18.115,10.645,0.58,0.0,2.89118355512619,10.075,1.025,0.785,0.0,1.875,0.125,0.36,0.7422680412371134
3160,103546880,505198,0.9439999628067016,17.15,10.02,0.535,0.0,3.0529518872499466,9.56,1.08,0.595,0.0,1.705,0.1,0.325,0.7647058823529411
3165,103710720,505797,0.5787498903274536,16.3,9.47,0.455,0.0,3.128461569547653,9.015,1.07,0.57,0.0,1.695,0.115,0.305,0.7261904761904762
3170,103874560,506422,1.4487501525878905,16.925,9.995,0.49,0.0,3.170193523168564,9.125,0.965,0.58,0.0,1.675,0.11,0.34,0.7555555555555555
3175,104038400,507025,3.098249888420105,17.78,10.505,0.545,0.0,3.607679694890976,9.785,1.025,0.615,0.0,1.925,0.15,0.41,0.7321428571428571
3180,104202240,507637,1.791499981880188,16.98,9.725,0.5,0.0,4.443829983472824,9.11,1.085,0.645,0.0,1.705,0.12,0.315,0.7241379310344828
3185,104366080,508264,1.5189998483657836,17.04,9.97,0.52,0.0,3.649295896291733,9.485,0.98,0.625,0.0,1.695,0.155,0.325,0.6770833333333334
3190,104529920,508854,2.1707497739791872,17.57,10.165,0.58,0.0,3.239601507782936,9.465,1.155,0.435,0.0,1.88,0.11,0.34,0.7555555555555555
3195,104693760,509475,2.2642498779296876,17.73,10.355,0.56,0.0,4.372677817940712,9.535,0.94,0.58,0.0,1.87,0.13,0.34,0.723404255319149
3200,104857600,510067,3.3037500524520875,17.465,9.965,0.51,0.0,3.6380816996097565,9.435,1.205,0.805,0.0,1.915,0.1,0.35,0.7777777777777778
3205,105021440,510673,3.654000134468079,18.18,10.575,0.545,0.0,3.580904573202133,9.905,1.065,0.57,0.0,1.97,0.07,0.325,0.8227848101265823
3210,105185280,511266,2.7617500591278077,17.37,9.93,0.54,0.0,3.031221851706505,9.305,1.045,0.53,0.0,1.815,0.155,0.4,0.7207207207207207
3215,105349120,511846,3.4109999990463256,18.35,10.67,0.62,0.0,2.9369215816259384,9.685,1.09,0.5,0.0,1.93,0.17,0.34,0.6666666666666666
3220,105512960,512456,0.7457499694824219,16.915,10.03,0.53,0.0,3.2781273126602173,8.75,1.015,0.49,0.0,1.725,0.1,0.335,0.7701149425287356
3225,105676800,513051,3.043750140666962,17.88,10.34,0.6,0.0,3.2220520079135895,8.955,1.13,0.73,0.0,1.895,0.12,0.385,0.7623762376237624
3230,105840640,513649,1.344500060081482,17.88,10.45,0.56,0.0,3.4334876537323,8.955,1.035,0.63,0.0,1.79,0.135,0.39,0.7428571428571429
3235,106004480,514265,2.55175000667572,17.585,10.255,0.595,0.0,3.991653949022293,8.735,1.255,0.645,0.0,1.77,0.085,0.31,0.7848101265822784
3240,106168320,514874,0.31999984741210935,16.605,9.72,0.515,0.0,3.3185283541679382,8.185,0.885,0.58,0.0,1.72,0.145,0.315,0.6847826086956522
3245,106332160,515476,3.104999928474426,17.42,10.13,0.5,0.0,3.4533607959747314,8.585,1.01,0.605,0.0,1.765,0.12,0.36,0.75
3250,106496000,516057,4.540999894142151,18.07,10.53,0.515,0.0,3.411265715956688,8.595,1.005,0.66,0.0,1.96,0.11,0.365,0.7684210526315789
3255,106659840,516665,0.912500171661377,16.51,9.52,0.47,0.0,3.343774452805519,7.61,0.915,0.41,0.0,1.745,0.12,0.27,0.6923076923076923
3260,106823680,517263,1.3902497434616088,16.525,9.635,0.47,0.0,3.3816444724798203,8.235,1.11,0.535,0.0,1.615,0.065,0.255,0.796875
3265,106987520,517883,1.5132502031326294,16.955,9.765,0.5,0.0,3.3138590306043625,8.525,1.06,0.445,0.0,1.78,0.13,0.315,0.7078651685393258
3270,107151360,518493,1.3240001153945924,16.6,9.695,0.51,0.0,3.7265773862600327,8.575,1.09,0.56,0.0,1.73,0.115,0.305,0.7261904761904762
3275,107315200,519107,2.5962498378753662,17.39,10.215,0.605,0.0,3.6606362611055374,9.32,0.96,0.63,0.0,1.78,0.125,0.345,0.7340425531914894
3280,107479040,519731,-0.0607500696182251,16.57,9.46,0.47,0.0,3.452575072646141,8.335,1.045,0.475,0.0,1.725,0.115,0.35,0.7526881720430108
3285,107642880,520315,2.69724995136261,18.115,10.705,0.61,0.0,3.748948723077774,9.24,1.185,0.62,0.0,1.83,0.075,0.33,0.8148148148148148
3290,107806720,520951,2.887750029563904,17.635,10.235,0.54,0.0,3.9582249969244003,9.225,1.0,0.475,0.0,1.78,0.135,0.375,0.7352941176470589
3295,107970560,521555,3.6440000629425047,17.785,10.605,0.585,0.0,3.2972139716148376,9.625,1.095,0.595,0.0,1.795,0.09,0.365,0.8021978021978022
3300,108134400,522163,3.922749752998352,18.095,10.635,0.57,0.0,3.7354084700345993,9.74,1.04,0.565,0.0,1.885,0.15,0.315,0.6774193548387096
3305,108298240,522783,0.9817501068115234,17.06,9.88,0.56,0.0,3.5945262163877487,8.97,0.875,0.5,0.0,1.805,0.12,0.355,0.7473684210526316
3310,108462080,523427,1.5187499666213988,16.82,9.925,0.51,0.0,4.00563445687294,9.465,1.035,0.605,0.0,1.64,0.075,0.325,0.8125
3315,108625920,524053,2.2470001363754273,18.07,10.425,0.615,0.0,3.467972755432129,9.625,1.045,0.55,0.0,1.955,0.11,0.385,0.7777777777777778
3320,108789760,524674,3.027749924659729,17.575,10.095,0.525,0.0,4.256533458828926,9.61,0.995,0.765,0.0,1.905,0.135,0.36,0.7272727272727273
3325,108953600,525293,1.7197497701644897,17.19,10.285,0.57,0.0,3.37958662211895,9.61,1.135,0.74,0.0,1.67,0.1,0.275,0.7333333333333333
3330,109117440,525923,-0.13950008869171143,16.31,9.415,0.49,0.0,3.9329886734485626,8.77,1.055,0.56,0.0,1.625,0.095,0.36,0.7912087912087912
3335,109281280,526580,2.1397499942779543,17.22,10.09,0.53,0.0,3.896567687392235,9.32,0.915,0.495,0.0,1.865,0.115,0.32,0.735632183908046
3340,109445120,527173,1.6590000581741333,17.445,10.12,0.495,0.0,3.5180428326129913,9.64,1.0,0.585,0.0,1.87,0.115,0.34,0.7472527472527473
3345,109608960,527809,2.10774995803833,17.21,10.095,0.55,0.0,3.7952640056610107,9.67,0.97,0.56,0.0,1.675,0.13,0.34,0.723404255319149
3350,109772800,528435,-1.1072500038146973,16.61,9.535,0.485,0.0,3.381199836730957,8.965,0.96,0.655,0.0,1.69,0.12,0.29,0.7073170731707317
3355,109936640,529079,2.2280001878738402,17.635,10.185,0.55,0.0,3.3740931898355484,9.49,1.01,0.58,0.0,1.86,0.125,0.285,0.6951219512195121
3360,110100480,529711,2.9644998836517336,18.03,10.325,0.55,0.0,3.6036882251501083,9.56,0.985,0.68,0.0,1.965,0.135,0.405,0.75
3365,110264320,530370,0.8024999618530273,16.915,9.915,0.5,0.0,3.769407883286476,9.355,0.815,0.525,0.0,1.75,0.095,0.345,0.7840909090909091
3370,110428160,531011,2.603500018119812,17.605,10.215,0.585,0.0,3.521016001701355,9.9,0.98,0.575,0.0,1.88,0.12,0.365,0.7525773195876289
3375,110592000,531606,3.9447499990463255,18.365,10.6,0.64,0.0,3.0541129261255264,10.285,1.285,0.595,0.0,1.9,0.145,0.355,0.71
3380,110755840,532276,-0.021000137329101564,16.75,9.62,0.485,0.0,3.499463140964508,9.55,1.26,0.375,0.0,1.765,0.12,0.255,0.68
3385,110919680,532903,3.259000005722046,17.64,10.095,0.51,0.0,4.0280653685331345,9.23,1.115,0.525,0.0,1.825,0.14,0.37,0.7254901960784313
3390,111083520,533519,4.186249947547912,18.28,10.605,0.6,0.0,3.4120815992355347,9.5,1.12,0.62,0.0,1.985,0.115,0.395,0.7745098039215687
3395,111247360,534174,1.7127498960494996,17.395,10.085,0.545,0.0,3.797693580389023,9.23,1.06,0.61,0.0,1.855,0.11,0.36,0.7659574468085106
3400,111411200,534823,1.9157499885559082,17.435,10.055,0.505,0.0,3.6175563037395477,9.685,0.98,0.495,0.0,1.71,0.11,0.39,0.78
3405,111575040,535486,2.3340000772476195,17.23,9.98,0.52,0.0,3.8712665736675262,9.715,1.135,0.69,0.0,1.795,0.09,0.29,0.7631578947368421
3410,111738880,536130,2.569249963760376,17.745,10.3,0.57,0.0,3.813768669962883,9.765,1.075,0.58,0.0,1.935,0.07,0.35,0.8333333333333334
3415,111902720,536757,0.43549992561340334,16.805,9.75,0.54,0.0,3.575010433793068,9.645,1.055,0.68,0.0,1.78,0.14,0.365,0.7227722772277227
3420,112066560,537388,2.0635001468658447,17.48,10.295,0.54,0.0,3.306287184357643,10.0,1.085,0.56,0.0,1.73,0.15,0.335,0.6907216494845361
3425,112230400,538009,2.9707498359680176,17.805,10.22,0.52,0.0,3.2214584946632385,10.31,0.955,0.735,0.0,1.84,0.175,0.36,0.6728971962616822
3430,112394240,538611,1.0982501649856566,17.335,9.89,0.535,0.0,3.3028601557016373,9.18,0.865,0.7,0.0,1.93,0.115,0.375,0.7653061224489796
3435,112558080,539222,2.3354999017715454,17.42,10.11,0.52,0.0,3.438967615365982,9.695,0.895,0.755,0.0,1.82,0.105,0.335,0.7613636363636364
3440,112721920,539809,4.079000000953674,17.955,10.515,0.535,0.0,3.8567285388708115,10.2,1.055,0.71,0.0,1.845,0.095,0.365,0.7934782608695652
3445,112885760,540415,0.5837497472763061,16.665,9.64,0.515,0.0,4.234692767262459,9.53,0.905,0.48,0.0,1.755,0.145,0.315,0.6847826086956522
3450,113049600,541019,2.6284996581077578,17.535,10.21,0.555,0.0,3.7927097976207733,10.33,1.185,0.545,0.0,1.81,0.125,0.285,0.6951219512195121
3455,113213440,541637,0.8297500228881836,16.61,9.67,0.5,0.0,4.211938336491585,9.425,0.955,0.445,0.0,1.74,0.13,0.28,0.6829268292682927
3460,113377280,542224,3.9590001201629637,17.8,10.41,0.53,0.0,3.35959991812706,9.98,0.94,0.445,0.0,1.84,0.13,0.3,0.6976744186046512
3465,113541120,542818,1.3497498226165772,16.88,9.825,0.53,0.0,3.584749326109886,9.45,1.025,0.595,0.0,1.75,0.14,0.285,0.6705882352941176
3470,113704960,543440,1.5060000896453858,17.0,10.125,0.53,0.0,3.2117265164852142,9.985,1.025,0.595,0.0,1.67,0.115,0.26,0.6933333333333334
3475,113868800,544033,7.478500170707703,18.875,11.155,0.61,0.0,3.6083019226789474,10.8,1.375,0.585,0.0,2.015,0.105,0.365,0.776595744680851
3480,114032640,544641,0.7482499027252197,16.825,9.875,0.54,0.0,3.786207854747772,9.34,0.99,0.525,0.0,1.635,0.11,0.38,0.7755102040816326
3485,114196480,545256,2.1497499680519105,17.49,10.12,0.545,0.0,3.6099385619163513,9.445,0.935,0.555,0.0,1.915,0.14,0.3,0.6818181818181818
3490,114360320,545846,1.1940000772476196,16.965,10.02,0.53,0.0,3.94819113612175,9.61,0.905,0.435,0.0,1.75,0.13,0.32,0.7111111111111111
3495,114524160,546444,1.8837496900558472,17.43,10.125,0.5,0.0,3.869884729385376,9.985,1.275,0.505,0.0,1.93,0.095,0.27,0.7397260273972602
3500,114688000,547064,1.1325000524520874,17.07,9.795,0.5,0.0,3.2375066578388214,9.635,1.15,0.595,0.0,1.725,0.13,0.345,0.7263157894736842
3505,114851840,547689,1.8475001335144043,16.695,9.825,0.505,0.0,3.315838485956192,9.02,0.89,0.49,0.0,1.655,0.155,0.405,0.7232142857142857
3510,115015680,548325,0.28499999523162844,16.555,9.845,0.475,0.0,3.868168532848358,8.74,0.965,0.55,0.0,1.58,0.115,0.32,0.735632183908046
3515,115179520,548943,1.7432500982284547,17.06,10.055,0.51,0.0,3.6492233276367188,9.3,0.92,0.61,0.0,1.775,0.12,0.375,0.7575757575757576
3520,115343360,549532,4.075749726295471,17.795,10.53,0.575,0.0,3.6534392535686493,9.735,0.905,0.545,0.0,1.76,0.12,0.37,0.7551020408163265
3525,115507200,550136,2.3322501039505004,17.1,9.965,0.545,0.0,4.167085334658623,9.31,1.195,0.62,0.0,1.74,0.13,0.365,0.7373737373737373
3530,115671040,550744,3.91499981880188,18.18,10.515,0.565,0.0,4.425537869334221,9.795,1.045,0.575,0.0,1.92,0.105,0.255,0.7083333333333334
3535,115834880,551381,1.2390001153945922,16.915,9.79,0.545,0.0,3.9039590507745743,9.095,0.895,0.65,0.0,1.715,0.145,0.335,0.6979166666666666
3540,115998720,552006,3.1852501153945925,17.34,10.115,0.54,0.0,3.6777968257665634,9.105,1.08,0.56,0.0,1.655,0.115,0.33,0.7415730337078652
3545,116162560,552619,4.742500042915344,18.32,10.68,0.585,0.0,3.8881947845220566,9.375,1.01,0.665,0.0,1.965,0.14,0.3,0.6818181818181818
3550,116326400,553249,2.1869999027252196,17.38,10.085,0.535,0.0,4.029723480343819,8.71,1.09,0.56,0.0,1.765,0.115,0.31,0.7294117647058823
3555,116490240,553867,1.6295001888275147,17.3,9.985,0.515,0.0,3.322529286146164,8.76,0.99,0.53,0.0,1.76,0.16,0.355,0.6893203883495146
3560,116654080,554506,0.38274990558624267,16.92,9.865,0.54,0.0,3.6814476400613785,9.06,1.26,0.475,0.0,1.82,0.125,0.25,0.6666666666666666
3565,116817920,555109,0.9132501792907715,16.94,9.625,0.515,0.0,3.5373333394527435,8.76,1.055,0.635,0.0,1.755,0.14,0.345,0.711340206185567
3570,116981760,555753,0.10775015354156495,16.595,9.595,0.455,0.0,3.8432416170835495,8.675,0.91,0.655,0.0,1.545,0.145,0.305,0.6777777777777778
3575,117145600,556352,1.7537499475479126,17.03,10.075,0.53,0.0,3.3599548637866974,9.355,0.965,0.645,0.0,1.725,0.115,0.37,0.7628865979381443
3580,117309440,556956,1.8542501211166382,17.82,10.19,0.565,0.0,3.675239071249962,9.68,1.05,0.595,0.0,1.9,0.11,0.325,0.7471264367816092
3585,117473280,557585,0.18975001811981201,17.18,9.865,0.565,0.0,3.465084418654442,9.095,0.875,0.595,0.0,1.75,0.155,0.32,0.6736842105263158
3590,117637120,558230,3.0327499437332155,17.735,10.26,0.605,0.0,3.2227611541748047,9.36,1.05,0.585,0.0,1.835,0.11,0.37,0.7708333333333334
3595,117800960,558862,3.1397499418258668,17.615,10.06,0.58,0.0,3.1172122210264206,9.365,0.95,0.78,0.0,1.905,0.1,0.345,0.7752808988764045
3600,117964800,559495,0.16974998474121095,16.13,9.53,0.515,0.0,3.6864937245845795,8.62,0.67,0.435,0.0,1.655,0.105,0.315,0.75
3605,118128640,560139,-0.03424966335296631,16.13,9.47,0.455,0.0,3.2683773785829544,8.425,0.755,0.605,0.0,1.565,0.11,0.325,0.7471264367816092
3610,118292480,560758,2.210750112533569,17.035,10.0,0.495,0.0,3.3256010115146637,8.765,0.81,0.77,0.0,1.865,0.135,0.35,0.7216494845360825
3615,118456320,561399,3.1959997177124024,17.425,10.055,0.535,0.0,4.334547162055969,9.935,1.08,0.695,0.0,1.725,0.125,0.345,0.7340425531914894
3620,118620160,562001,0.799499979019165,17.13,9.825,0.475,0.0,4.1542889922857285,9.07,1.065,0.57,0.0,1.72,0.14,0.325,0.6989247311827957
3625,118784000,562619,3.699499921798706,18.09,10.35,0.595,0.0,4.037518858909607,9.36,1.185,0.865,0.0,1.94,0.125,0.345,0.7340425531914894
3630,118947840,563266,1.335249924659729,17.2,9.825,0.51,0.0,3.2860674262046814,8.945,1.1,0.7,0.0,1.875,0.15,0.325,0.6842105263157895
3635,119111680,563872,2.4534999895095826,17.35,10.035,0.54,0.0,3.5593108981847763,8.92,1.04,0.525,0.0,1.85,0.115,0.37,0.7628865979381443
3640,119275520,564501,3.3242498731613157,17.89,10.265,0.55,0.0,3.437028005719185,8.955,1.15,0.73,0.0,1.935,0.135,0.31,0.6966292134831461
3645,119439360,565104,1.922250075340271,17.44,10.245,0.52,0.0,3.7165213972330093,8.805,1.025,0.67,0.0,1.8,0.125,0.33,0.7252747252747253
3650,119603200,565717,1.3317500638961792,17.235,10.215,0.58,0.0,3.855011224746704,8.4,0.85,0.645,0.0,1.85,0.105,0.325,0.7558139534883721
3655,119767040,566347,4.360499882698059,18.235,10.535,0.59,0.0,3.7299875169992447,8.86,1.03,0.575,0.0,2.0,0.16,0.405,0.7168141592920354
3660,119930880,566967,0.6687499332427979,16.885,9.795,0.505,0.0,3.976540580391884,8.745,1.145,0.655,0.0,1.68,0.135,0.28,0.6746987951807228
3665,120094720,567576,1.3340000057220458,17.55,10.145,0.57,0.0,3.9770690947771072,9.53,1.21,0.54,0.0,1.72,0.155,0.29,0.651685393258427
3670,120258560,568236,1.8847498273849488,17.705,10.165,0.535,0.0,3.659817099571228,8.88,0.95,0.54,0.0,1.895,0.165,0.325,0.6632653061224489
3675,120422400,568868,0.8602498960494995,17.12,9.965,0.535,0.0,3.3613466024398804,8.24,0.89,0.535,0.0,1.845,0.115,0.345,0.75
3680,120586240,569488,2.315000047683716,16.995,10.015,0.525,0.0,4.115001425147057,8.305,1.015,0.7,0.0,1.7,0.145,0.255,0.6375
3685,120750080,570121,1.2607499074935913,16.89,9.735,0.495,0.0,3.064680516719818,8.48,0.875,0.535,0.0,1.72,0.13,0.37,0.74
3690,120913920,570751,0.9914999294281006,17.385,9.91,0.535,0.0,3.360170066356659,8.65,1.12,0.66,0.0,1.86,0.145,0.35,0.7070707070707071
3695,121077760,571389,0.26424985885620117,16.25,9.605,0.51,0.0,3.5534361600875854,8.1,0.805,0.37,0.0,1.53,0.095,0.305,0.7625
3700,121241600,572006,1.2669997787475586,17.26,9.95,0.545,0.0,3.630621165037155,8.925,0.95,0.62,0.0,1.735,0.13,0.28,0.6829268292682927
3705,121405440,572622,1.7984997510910035,17.6,10.22,0.565,0.0,3.438345044851303,9.03,0.85,0.515,0.0,1.795,0.175,0.36,0.6728971962616822
3710,121569280,573247,0.8542500972747803,17.06,9.805,0.485,0.0,4.173334553837776,9.17,0.9,0.525,0.0,1.77,0.105,0.31,0.7469879518072289
3715,121733120,573864,1.5925000238418578,17.285,10.095,0.515,0.0,3.353092908859253,9.005,0.89,0.58,0.0,1.785,0.08,0.365,0.8202247191011236
3720,121896960,574468,3.0665000009536745,17.635,10.155,0.545,0.0,4.015979573130608,9.17,0.91,0.475,0.0,1.925,0.105,0.32,0.7529411764705882
3725,122060800,575070,2.0749999141693114,17.905,10.445,0.565,0.0,3.6063697189092636,9.16,0.89,0.56,0.0,1.85,0.13,0.31,0.7045454545454546
3730,122224640,575683,2.4257500267028806,17.805,10.28,0.575,0.0,3.5656352043151855,8.905,1.195,0.565,0.0,1.83,0.095,0.405,0.81
3735,122388480,576300,2.911499981880188,17.835,10.315,0.565,0.0,4.228863179683685,8.585,0.905,0.92,0.0,1.86,0.125,0.385,0.7549019607843137
3740,122552320,576925,2.200499997138977,16.74,9.74,0.505,0.0,3.8050607442855835,8.425,1.155,0.535,0.0,1.63,0.12,0.35,0.7446808510638298
3745,122716160,577568,0.7882499313354492,17.55,9.95,0.55,0.0,3.5545986592769623,8.105,0.98,0.67,0.0,1.85,0.105,0.47,0.8173913043478261
3750,122880000,578198,1.496250023841858,17.35,10.24,0.545,0.0,3.210816502571106,8.405,0.89,0.795,0.0,1.78,0.125,0.325,0.7222222222222222
3755,123043840,578825,3.3899999332427977,17.69,10.215,0.56,0.0,3.378432422876358,8.88,0.795,0.68,0.0,1.795,0.1,0.24,0.7058823529411765
3760,123207680,579427,2.4882499265670774,17.815,10.335,0.58,0.0,3.038148447871208,8.62,0.84,0.5,0.0,1.855,0.085,0.365,0.8111111111111111
3765,123371520,580085,0.9097498989105225,16.535,9.795,0.495,0.0,3.1587297916412354,8.35,0.825,0.545,0.0,1.69,0.155,0.325,0.6770833333333334
3770,123535360,580705,0.10575019836425781,16.295,9.505,0.475,0.0,3.4257903695106506,8.03,1.025,0.46,0.0,1.655,0.095,0.39,0.8041237113402062
3775,123699200,581344,1.1869998979568481,17.115,9.885,0.5,0.0,3.589879557490349,8.14,1.065,0.485,0.0,1.8,0.135,0.405,0.75
3780,123863040,581961,1.8517500925064088,17.325,9.975,0.555,0.0,3.2106332033872604,8.36,0.925,0.665,0.0,1.82,0.14,0.325,0.6989247311827957
3785,124026880,582594,1.9412500190734863,17.355,9.98,0.55,0.0,3.536554768681526,7.955,0.98,0.635,0.0,1.795,0.085,0.365,0.8111111111111111
3790,124190720,583221,1.673000135421753,17.22,9.82,0.52,0.0,2.9192925095558167,7.45,0.88,0.76,0.0,1.85,0.115,0.32,0.735632183908046
3795,124354560,583841,2.9307498693466187,17.78,10.125,0.56,0.0,3.4622335880994797,7.765,1.12,0.55,0.0,1.97,0.125,0.365,0.7448979591836735
3800,124518400,584455,3.3212497282028197,18.175,10.265,0.55,0.0,3.90937602519989,8.56,1.14,0.66,0.0,1.95,0.165,0.375,0.6944444444444444
3805,124682240,585067,1.802999930381775,17.405,10.085,0.565,0.0,3.3585872650146484,8.4,0.935,0.67,0.0,1.735,0.11,0.355,0.7634408602150538
3810,124846080,585699,2.6717499017715456,17.845,10.125,0.535,0.0,3.516991600394249,8.4,0.95,0.585,0.0,1.96,0.17,0.33,0.66
3815,125009920,586289,3.363250107765198,18.135,10.455,0.595,0.0,3.6364113092422485,8.505,1.005,0.605,0.0,1.84,0.11,0.425,0.794392523364486
3820,125173760,586909,1.907250075340271,17.335,10.11,0.525,0.0,3.56996551156044,8.765,1.02,0.65,0.0,1.765,0.125,0.4,0.7619047619047619
3825,125337600,587516,0.1954999876022339,16.665,9.64,0.49,0.0,3.434621572494507,8.385,0.96,0.57,0.0,1.75,0.14,0.38,0.7307692307692307
3830,125501440,588122,3.0835000133514403,18.025,10.27,0.55,0.0,3.339473843574524,8.95,1.12,0.795,0.0,1.945,0.105,0.365,0.776595744680851
3835,125665280,588721,2.6837499237060545,17.77,10.155,0.5,0.0,3.3939812183380127,9.05,1.205,0.655,0.0,1.87,0.11,0.315,0.7411764705882353
3840,125829120,589340,2.0989999771118164,17.405,9.985,0.55,0.0,3.243585854768753,8.645,0.97,0.615,0.0,1.88,0.09,0.35,0.7954545454545454
3845,125992960,589954,1.76725004196167,17.435,9.955,0.575,0.0,3.8242894262075424,8.595,1.065,0.65,0.0,1.86,0.115,0.365,0.7604166666666666
3850,126156800,590571,0.1777498722076416,16.995,9.87,0.515,0.0,3.35606350004673,8.72,1.12,0.585,0.0,1.69,0.11,0.445,0.8018018018018018
3855,126320640,591194,1.058000078201294,16.865,9.88,0.5,0.0,3.313852906227112,8.39,0.975,0.55,0.0,1.68,0.11,0.375,0.7731958762886598
3860,126484480,591802,2.628000054359436,17.47,10.18,0.515,0.0,3.981624737381935,8.86,1.155,0.755,0.0,1.77,0.14,0.39,0.7358490566037735
3865,126648320,592426,3.6972500228881837,18.11,10.35,0.615,0.0,4.182321801781654,9.27,1.055,0.57,0.0,1.895,0.135,0.37,0.7326732673267327
3870,126812160,593026,2.8035001707077027,17.915,10.34,0.565,0.0,3.640536993741989,9.11,1.08,0.62,0.0,1.955,0.1,0.375,0.7894736842105263
3875,126976000,593630,3.7237498712539674,17.775,10.41,0.525,0.0,3.854066163301468,9.415,1.085,0.59,0.0,1.77,0.07,0.34,0.8292682926829268
3880,127139840,594264,1.1149999713897705,16.85,9.82,0.515,0.0,3.608464926481247,8.505,0.955,0.535,0.0,1.675,0.1,0.29,0.7435897435897436
3885,127303680,594863,3.911000008583069,17.78,10.415,0.535,0.0,3.4997580498456955,9.31,0.86,0.445,0.0,1.855,0.12,0.33,0.7333333333333333
3890,127467520,595475,0.9332499647140503,17.215,9.88,0.53,0.0,3.684653177857399,8.99,0.98,0.51,0.0,1.87,0.12,0.425,0.7798165137614679
3895,127631360,596095,2.317499933242798,17.22,10.04,0.51,0.0,3.697499915957451,9.72,0.95,0.475,0.0,1.79,0.15,0.405,0.7297297297297297
3900,127795200,596728,3.377500157356262,17.68,10.41,0.58,0.0,3.471598207950592,9.98,1.135,0.745,0.0,1.785,0.125,0.345,0.7340425531914894
3905,127959040,597327,5.075249886512756,18.29,10.615,0.58,0.0,3.807871535420418,10.06,1.125,0.745,0.0,1.885,0.105,0.395,0.79
3910,128122880,597960,2.0134999561309814,17.435,10.115,0.49,0.0,3.9506231397390366,9.36,1.06,0.79,0.0,1.645,0.12,0.415,0.7757009345794392
3915,128286720,598578,3.9222498512268067,17.73,10.29,0.55,0.0,4.081775739789009,9.065,1.015,0.675,0.0,1.76,0.12,0.33,0.7333333333333333
3920,128450560,599186,3.0737497758865358,17.505,10.345,0.585,0.0,3.7112975865602493,9.51,0.87,0.62,0.0,1.75,0.115,0.345,0.75
3925,128614400,599805,3.9859998750686647,18.385,10.62,0.57,0.0,3.5889565348625183,9.605,1.21,0.665,0.0,1.78,0.105,0.43,0.8037383177570093
3930,128778240,600395,4.194250082969665,17.93,10.555,0.555,0.0,3.1075635701417923,9.475,1.03,0.61,0.0,1.765,0.125,0.365,0.7448979591836735
3935,128942080,601018,-0.7354998970031739,16.155,9.355,0.475,0.0,3.921599432826042,8.4,0.905,0.465,0.0,1.605,0.125,0.34,0.7311827956989247
3940,129105920,601618,2.722499899864197,17.69,10.035,0.535,0.0,3.829892009496689,9.79,1.175,0.6,0.0,1.855,0.115,0.325,0.7386363636363636
3945,129269760,602217,4.897999911308289,18.27,10.69,0.57,0.0,3.805980995297432,9.51,1.07,0.585,0.0,1.975,0.13,0.395,0.7523809523809524
3950,129433600,602833,2.6917499256134034,17.28,10.215,0.49,0.0,4.300311088562012,8.81,0.935,0.555,0.0,1.735,0.11,0.38,0.7755102040816326
3955,129597440,603433,3.5722498512268066,18.025,10.69,0.575,0.0,3.7078333497047424,9.26,1.01,0.615,0.0,1.765,0.115,0.375,0.7653061224489796
3960,129761280,604042,2.080000162124634,17.61,10.265,0.57,0.0,3.6213498711586,9.05,1.115,0.55,0.0,1.795,0.14,0.335,0.7052631578947368
3965,129925120,604653,3.0820000886917116,17.84,10.435,0.545,0.0,3.6178301870822906,8.855,1.07,0.665,0.0,1.81,0.14,0.37,0.7254901960784313
3970,130088960,605256,0.32325008392333987,16.695,9.685,0.485,0.0,3.072780892252922,8.345,0.87,0.545,0.0,1.705,0.1,0.3,0.75
3975,130252800,605872,0.5065000963211059,17.445,10.0,0.505,0.0,3.384647011756897,9.135,1.055,0.62,0.0,1.87,0.095,0.33,0.7764705882352941
3980,130416640,606474,2.0419999456405638,17.715,10.265,0.56,0.0,3.7036883383989334,9.385,1.1,0.74,0.0,1.795,0.105,0.33,0.7586206896551724
3985,130580480,607082,0.7529998397827149,16.9,9.905,0.525,0.0,4.190811321139336,8.895,0.94,0.405,0.0,1.83,0.095,0.295,0.7564102564102564
3990,130744320,607685,4.711749820709229,17.96,10.37,0.55,0.0,3.64360174536705,9.175,1.075,0.505,0.0,1.98,0.14,0.33,0.7021276595744681
3995,130908160,608282,1.4319999265670775,17.175,10.205,0.525,0.0,3.459786280989647,9.04,1.045,0.71,0.0,1.755,0.145,0.33,0.6947368421052632
4000,131072000,608924,1.625500283241272,17.32,10.115,0.505,0.0,2.7699060142040253,9.16,0.855,0.69,0.0,1.775,0.14,0.305,0.6853932584269663
4005,131235840,609518,4.447500004768371,18.21,10.65,0.6,0.0,3.296692967414856,9.835,1.005,0.645,0.0,1.845,0.115,0.455,0.7982456140350878
4010,131399680,610104,3.442499933242798,18.285,10.495,0.535,0.0,3.274612680077553,9.73,1.095,0.675,0.0,1.89,0.12,0.325,0.7303370786516854
4015,131563520,610709,1.941750044822693,17.225,9.98,0.53,0.0,3.541624829173088,9.68,1.0,0.56,0.0,1.825,0.125,0.29,0.6987951807228916
4020,131727360,611328,3.5722497844696046,17.66,10.3,0.575,0.0,3.8231794089078903,9.535,1.19,0.775,0.0,1.815,0.11,0.41,0.7884615384615384
4025,131891200,611946,0.0547499418258667,16.27,9.43,0.48,0.0,3.1226076930761337,8.745,0.97,0.545,0.0,1.615,0.09,0.335,0.788235294117647
4030,132055040,612563,2.528750138282776,17.66,10.23,0.56,0.0,3.717212423682213,9.25,1.0,0.525,0.0,1.74,0.12,0.435,0.7837837837837838
4035,132218880,613166,2.4772502183914185,17.38,10.25,0.52,0.0,4.013757675886154,9.06,0.93,0.465,0.0,1.82,0.105,0.33,0.7586206896551724
4040,132382720,613768,2.275000057220459,17.635,10.11,0.56,0.0,3.369759500026703,9.64,1.04,0.555,0.0,1.865,0.115,0.425,0.7870370370370371
4045,132546560,614363,2.7239997005462646,17.47,10.265,0.52,0.0,3.8017842769622803,9.515,1.02,0.535,0.0,1.725,0.11,0.295,0.7283950617283951
4050,132710400,614968,2.7057501554489134,17.45,10.245,0.525,0.0,3.668010115623474,9.215,1.06,0.63,0.0,1.72,0.13,0.365,0.7373737373737373
4055,132874240,615572,3.441250104904175,17.925,10.52,0.585,0.0,3.718118742108345,9.32,0.91,0.445,0.0,1.835,0.135,0.345,0.71875
4060,133038080,616173,0.7200001573562622,17.165,9.95,0.57,0.0,3.7642210125923157,9.055,1.165,0.465,0.0,1.73,0.105,0.35,0.7692307692307693
4065,133201920,616777,1.8017501354217529,17.38,10.125,0.57,0.0,3.016186013817787,9.11,1.055,0.33,0.0,1.695,0.16,0.335,0.6767676767676768
4070,133365760,617376,3.707000093460083,17.945,10.31,0.555,0.0,3.243481293320656,9.405,1.11,0.52,0.0,1.875,0.125,0.335,0.7282608695652174
4075,133529600,617973,2.80875,17.28,10.0,0.495,0.0,3.0218428671360016,9.605,1.005,0.735,0.0,1.775,0.105,0.37,0.7789473684210526
4080,133693440,618552,3.5840000677108765,18.21,10.42,0.585,0.0,3.425690323114395,10.625,1.385,0.805,0.0,1.925,0.17,0.375,0.6880733944954128
4085,133857280,619120,1.4592499399185181,17.335,10.2,0.505,0.0,3.103752091526985,9.715,1.095,0.52,0.0,1.855,0.085,0.37,0.8131868131868132
4090,134021120,619720,2.874249887466431,17.45,10.255,0.505,0.0,3.2822715789079666,9.935,1.14,0.545,0.0,1.755,0.085,0.31,0.7848101265822784
4095,134184960,620298,2.4112500858306887,17.49,10.255,0.55,0.0,3.6181686222553253,9.66,1.05,0.565,0.0,1.855,0.07,0.345,0.8313253012048193
4100,134348800,620894,1.539999852180481,17.115,9.775,0.54,0.0,4.126048758625984,9.035,0.995,0.555,0.0,1.86,0.12,0.39,0.7647058823529411
4105,134512640,621485,3.2867498111724855,18.165,10.425,0.54,0.0,3.5631861686706543,9.76,1.16,0.63,0.0,1.91,0.115,0.31,0.7294117647058823
4110,134676480,622074,0.5769999074935913,17.305,9.905,0.485,0.0,3.2870163023471832,9.535,1.045,0.66,0.0,1.815,0.115,0.345,0.75
4115,134840320,622675,3.236999921798706,17.72,10.355,0.56,0.0,3.7936248183250427,10.185,1.155,0.675,0.0,1.725,0.13,0.365,0.7373737373737373
4120,135004160,623249,2.3009999990463257,18.185,10.235,0.535,0.0,3.548989474773407,9.835,0.98,0.495,0.0,1.915,0.12,0.35,0.7446808510638298
4125,135168000,623832,4.4307499647140505,17.71,10.32,0.505,0.0,3.781493201851845,9.545,1.055,0.675,0.0,1.9,0.16,0.26,0.6190476190476191
4130,135331840,624421,1.5909998273849488,17.03,9.84,0.545,0.0,4.117540150880814,9.03,1.05,0.595,0.0,1.785,0.105,0.36,0.7741935483870968
4135,135495680,625003,5.279749846458435,18.14,10.66,0.54,0.0,4.345860257744789,9.38,1.02,0.63,0.0,1.93,0.105,0.375,0.78125
4140,135659520,625592,3.390249981880188,17.51,10.265,0.535,0.0,3.6791073083877563,9.08,1.04,0.475,0.0,1.785,0.155,0.345,0.69
4145,135823360,626176,3.201500015258789,17.66,10.345,0.555,0.0,3.8834332078695297,9.265,1.0,0.61,0.0,1.89,0.135,0.39,0.7428571428571429
4150,135987200,626774,1.3449999809265136,16.87,9.725,0.51,0.0,3.5554197877645493,8.69,1.115,0.66,0.0,1.675,0.145,0.275,0.6547619047619048
4155,136151040,627371,1.6574999284744263,17.21,9.935,0.5,0.0,3.3883362263441086,8.705,1.15,0.535,0.0,1.825,0.09,0.275,0.7534246575342466
4160,136314880,627961,1.0820000648498536,17.375,10.2,0.535,0.0,3.8689201027154922,8.915,1.23,0.555,0.0,1.75,0.145,0.35,0.7070707070707071
4165,136478720,628544,1.9757498359680177,17.58,10.145,0.525,0.0,3.428159609436989,8.83,1.295,0.645,0.0,1.74,0.115,0.42,0.7850467289719626
4170,136642560,629140,0.7332498979568481,16.745,9.815,0.505,0.0,3.593009352684021,8.625,0.955,0.675,0.0,1.6,0.18,0.38,0.6785714285714286
4175,136806400,629745,3.6877499485015868,17.6,10.345,0.54,0.0,3.5705137103796005,9.36,1.165,0.585,0.0,1.755,0.14,0.355,0.7171717171717171
4180,136970240,630372,1.7922500228881837,17.135,9.9,0.535,0.0,3.957075998187065,9.38,1.18,0.83,0.0,1.7,0.135,0.31,0.6966292134831461
4185,137134080,630967,3.65800012588501,18.135,10.55,0.58,0.0,3.444676384329796,10.005,1.175,0.535,0.0,1.895,0.165,0.355,0.6826923076923077
4190,137297920,631587,4.469750099182129,18.535,10.615,0.6,0.0,3.803179144859314,10.695,1.32,0.605,0.0,2.015,0.11,0.36,0.7659574468085106
4195,137461760,632162,3.809999942779541,18.45,10.62,0.65,0.0,3.692993015050888,10.32,0.98,0.545,0.0,1.97,0.105,0.355,0.7717391304347826
4200,137625600,632750,3.7957501935958864,18.225,10.825,0.605,0.0,4.170659154653549,10.57,1.025,0.595,0.0,1.835,0.145,0.34,0.7010309278350515
4205,137789440,633315,4.439499855041504,18.28,10.6,0.59,0.0,3.291221335530281,9.605,1.205,0.7,0.0,1.93,0.115,0.34,0.7472527472527473
4210,137953280,633922,1.6079998159408568,17.22,9.95,0.52,0.0,3.794538125395775,9.38,1.005,0.525,0.0,1.76,0.105,0.355,0.7717391304347826
4215,138117120,634527,1.114750075340271,17.43,9.93,0.52,0.0,3.975764036178589,9.365,0.94,0.49,0.0,1.92,0.12,0.305,0.7176470588235294
4220,138280960,635135,0.9227500009536743,16.79,9.68,0.515,0.0,3.399593234062195,8.875,1.105,0.495,0.0,1.81,0.1,0.34,0.7727272727272727
4225,138444800,635755,-0.0632499361038208,16.315,9.405,0.425,0.0,3.9825174659490585,9.05,0.96,0.575,0.0,1.67,0.12,0.345,0.7419354838709677
4230,138608640,636348,4.030499887466431,18.245,10.495,0.595,0.0,3.70895516872406,9.85,1.0,0.54,0.0,1.875,0.165,0.305,0.648936170212766
4235,138772480,636930,3.693999767303467,17.59,10.255,0.52,0.0,3.3092003762722015,9.835,1.11,0.505,0.0,1.835,0.165,0.295,0.6413043478260869
4240,138936320,637531,3.545249972343445,17.655,10.32,0.52,0.0,4.078125044703484,9.95,1.05,0.625,0.0,1.715,0.14,0.275,0.6626506024096386
4245,139100160,638115,4.533999953269959,18.36,10.7,0.55,0.0,4.459741488099098,10.895,0.855,0.625,0.0,1.83,0.2,0.335,0.6261682242990654
4250,139264000,638708,4.188000011444092,18.14,10.47,0.57,0.0,4.349514216184616,10.225,0.95,0.65,0.0,1.985,0.135,0.26,0.6582278481012658
4255,139427840,639309,2.7059999465942384,17.405,10.11,0.515,0.0,4.106627568602562,9.995,0.915,0.63,0.0,1.77,0.15,0.38,0.7169811320754716
4260,139591680,639896,5.2744998407363894,18.635,11.0,0.62,0.0,3.495751768350601,10.05,0.865,0.575,0.0,1.905,0.15,0.355,0.7029702970297029
4265,139755520,640496,4.140749773979187,18.16,10.68,0.55,0.0,3.597710430622101,9.415,0.96,0.455,0.0,1.91,0.11,0.295,0.7283950617283951
4270,139919360,641058,2.7107500791549684,17.945,10.525,0.6,0.0,3.817187011241913,9.52,0.975,0.685,0.0,1.765,0.125,0.38,0.7524752475247525
4275,140083200,641633,4.567750177383423,18.15,10.7,0.55,0.0,3.5427713841199875,9.13,1.015,0.8,0.0,1.805,0.125,0.345,0.7340425531914894
4280,140247040,642224,1.5085000848770143,17.48,10.1,0.5,0.0,3.8081171959638596,8.74,0.975,0.52,0.0,1.76,0.13,0.29,0.6904761904761905
4285,140410880,642827,1.7852499675750733,17.315,10.09,0.535,0.0,3.4560302644968033,8.305,0.8,0.51,0.0,1.825,0.145,0.32,0.6881720430107527
4290,140574720,643420,1.8230000829696655,17.16,9.83,0.52,0.0,3.920906439423561,8.77,0.97,0.47,0.0,1.735,0.16,0.315,0.6631578947368421
4295,140738560,644013,2.10774995803833,17.615,10.255,0.55,0.0,3.238555058836937,9.36,1.11,0.68,0.0,1.78,0.12,0.285,0.7037037037037037
4300,140902400,644591,2.2464999961853027,17.495,10.165,0.56,0.0,3.194554105401039,9.305,1.095,0.595,0.0,1.86,0.125,0.325,0.7222222222222222
4305,141066240,645180,2.5075000381469725,17.7,10.19,0.56,0.0,2.976035460829735,9.76,0.93,0.43,0.0,1.825,0.185,0.275,0.5978260869565217
4310,141230080,645756,1.6757500314712523,17.025,9.815,0.595,0.0,2.9788936227560043,9.345,0.855,0.475,0.0,1.83,0.125,0.345,0.7340425531914894
4315,141393920,646337,2.007249870300293,17.245,10.085,0.555,0.0,2.7912473380565643,10.135,0.98,0.485,0.0,1.775,0.085,0.35,0.8045977011494253
4320,141557760,646935,4.122499918937683,18.45,10.61,0.625,0.0,3.331610158085823,10.77,1.17,0.725,0.0,1.88,0.12,0.355,0.7473684210526316
4325,141721600,647532,0.4280001783370972,16.81,9.805,0.535,0.0,2.93568155169487,9.25,0.81,0.505,0.0,1.735,0.105,0.29,0.7341772151898734
4330,141885440,648128,3.233749957084656,17.6,10.02,0.535,0.0,3.4828855097293854,9.765,1.095,0.53,0.0,1.87,0.12,0.355,0.7473684210526316
4335,142049280,648736,2.2664999628067015,17.355,10.2,0.525,0.0,3.4170033633708954,10.295,1.08,0.535,0.0,1.785,0.13,0.28,0.6829268292682927
4340,142213120,649335,3.0060000658035277,17.705,10.245,0.58,0.0,3.4953141510486603,9.915,1.34,0.635,0.0,1.795,0.155,0.305,0.6630434782608695
4345,142376960,649924,4.0732498407363895,18.425,10.82,0.6,0.0,3.4285158663988113,10.23,1.23,0.53,0.0,1.955,0.155,0.33,0.6804123711340206
4350,142540800,650518,1.5665002489089965,17.44,10.18,0.57,0.0,3.3572740256786346,9.58,1.165,0.48,0.0,1.775,0.185,0.33,0.6407766990291263
4355,142704640,651117,2.8752502632141113,17.395,10.145,0.575,0.0,3.9831115901470184,9.08,0.98,0.615,0.0,1.735,0.135,0.27,0.6666666666666666
4360,142868480,651709,2.6390001153945923,17.68,10.34,0.485,0.0,3.697869911789894,9.275,1.09,0.575,0.0,1.79,0.12,0.305,0.7176470588235294
4365,143032320,652292,2.977499899864197,17.875,10.505,0.53,0.0,3.5474373400211334,9.29,0.845,0.83,0.0,1.78,0.18,0.325,0.6435643564356436
4370,143196160,652859,1.418999924659729,17.295,10.16,0.535,0.0,3.4613165706396103,8.92,0.975,0.505,0.0,1.705,0.145,0.305,0.6777777777777778
4375,143360000,653417,3.198999972343445,17.955,10.375,0.545,0.0,3.1403742134571075,9.035,1.25,0.565,0.0,2.01,0.115,0.32,0.735632183908046
4380,143523840,653989,3.9975001001358033,18.18,10.32,0.565,0.0,3.9082133024930954,9.075,1.335,0.66,0.0,1.92,0.125,0.36,0.7422680412371134
4385,143687680,654571,4.884750261306762,18.26,10.585,0.545,0.0,3.7809987366199493,9.735,1.12,0.69,0.0,1.955,0.09,0.38,0.8085106382978723
4390,143851520,655145,4.625249795913696,17.885,10.495,0.55,0.0,4.1937654465436935,9.835,1.075,0.595,0.0,1.9,0.08,0.35,0.813953488372093
4395,144015360,655730,3.7570000648498536,17.44,10.175,0.515,0.0,4.550039380788803,9.32,1.105,0.76,0.0,1.745,0.14,0.355,0.7171717171717171
4400,144179200,656310,3.039499907493591,17.555,10.34,0.515,0.0,4.3891332000494,9.225,1.215,0.695,0.0,1.785,0.115,0.295,0.7195121951219512
4405,144343040,656896,1.7267499685287475,17.18,9.72,0.52,0.0,4.226737752556801,8.39,1.055,0.465,0.0,1.83,0.065,0.38,0.8539325842696629
4410,144506880,657476,2.1384998083114626,17.615,10.325,0.565,0.0,4.322153702378273,9.12,1.005,0.585,0.0,1.78,0.15,0.335,0.6907216494845361
4415,144670720,658055,3.730499997138977,17.865,10.52,0.545,0.0,3.8942029029130936,9.295,1.135,0.665,0.0,1.82,0.12,0.375,0.7575757575757576
4420,144834560,658684,2.9734998512268067,17.42,10.31,0.52,0.0,4.349555820226669,9.09,0.97,0.615,0.0,1.825,0.035,0.345,0.9078947368421053
4425,144998400,659266,0.41650007247924803,16.845,9.835,0.505,0.0,3.7194661647081375,9.015,1.055,0.49,0.0,1.73,0.09,0.375,0.8064516129032258
4430,145162240,659857,2.2247501182556153,18.06,10.335,0.56,0.0,3.3609932512044907,9.53,1.04,0.615,0.0,1.935,0.135,0.38,0.7378640776699029
4435,145326080,660440,3.407499785423279,17.94,10.505,0.58,0.0,3.7391551584005356,9.34,0.885,0.5,0.0,1.87,0.145,0.345,0.7040816326530612
4440,145489920,661029,1.8855001020431519,17.855,10.52,0.575,0.0,3.494755804538727,9.585,0.945,0.575,0.0,1.835,0.1,0.43,0.8113207547169812
4445,145653760,661584,4.5997501516342165,18.12,10.38,0.595,0.0,3.710080623626709,9.62,0.985,0.645,0.0,1.905,0.075,0.34,0.8192771084337349
4450,145817600,662170,4.451999797821045,18.01,10.465,0.51,0.0,3.653056636452675,9.985,0.905,0.545,0.0,1.9,0.085,0.26,0.7536231884057971
4455,145981440,662771,4.7192498970031735,18.17,10.485,0.56,0.0,4.092584803700447,10.235,0.9,0.475,0.0,1.89,0.175,0.355,0.6698113207547169
4460,146145280,663350,4.23975013256073,18.68,10.98,0.615,0.0,3.2016904056072235,10.795,1.1,0.605,0.0,1.99,0.16,0.355,0.6893203883495146
4465,146309120,663943,2.485249593257904,17.285,10.12,0.57,0.0,3.350654885172844,9.97,0.88,0.535,0.0,1.675,0.11,0.42,0.7924528301886793
4470,146472960,664525,3.862499895095825,18.09,10.605,0.54,0.0,3.055724620819092,10.105,1.105,0.56,0.0,1.935,0.14,0.36,0.72
4475,146636800,665090,1.7807500314712525,17.15,9.985,0.54,0.0,2.930910050868988,9.18,0.97,0.65,0.0,1.77,0.135,0.38,0.7378640776699029
4480,146800640,665667,1.536499924659729,17.17,10.04,0.495,0.0,3.2560892701148987,9.065,0.915,0.38,0.0,1.74,0.125,0.305,0.7093023255813954
4485,146964480,666223,2.675999903678894,17.775,10.21,0.52,0.0,4.331616699695587,9.435,0.995,0.825,0.0,1.815,0.13,0.43,0.7678571428571429
4490,147128320,666805,3.387250142097473,17.455,10.17,0.52,0.0,4.185489758849144,9.555,1.205,0.57,0.0,1.75,0.11,0.33,0.75
4495,147292160,667399,1.6395000410079956,17.365,10.08,0.53,0.0,3.782430723309517,9.065,0.885,0.665,0.0,1.855,0.105,0.275,0.7236842105263158
4500,147456000,667985,5.204999856948852,18.66,10.825,0.61,0.0,3.547001913189888,9.68,1.25,0.675,0.0,1.94,0.17,0.405,0.7043478260869566
4505,147619840,668572,3.5642499256134035,17.535,10.115,0.555,0.0,3.9261206686496735,9.38,1.145,0.72,0.0,1.78,0.11,0.36,0.7659574468085106
4510,147783680,669148,3.8920000553131104,18.3,10.66,0.555,0.0,4.233635753393173,9.74,1.185,0.655,0.0,1.895,0.12,0.365,0.7525773195876289
4515,147947520,669759,0.6522500610351563,16.985,9.865,0.525,0.0,3.917119115591049,8.985,1.15,0.49,0.0,1.755,0.165,0.28,0.6292134831460674
4520,148111360,670380,1.4607500314712525,17.2,10.015,0.575,0.0,3.5914700776338577,8.705,1.175,0.59,0.0,1.835,0.11,0.315,0.7411764705882353
4525,148275200,670979,-0.16500025272369384,16.56,9.345,0.5,0.0,3.9980881363153458,8.04,1.005,0.45,0.0,1.77,0.08,0.28,0.7777777777777778
4530,148439040,671574,1.5582498741149902,17.35,10.06,0.545,0.0,4.041645750403404,8.295,1.045,0.48,0.0,1.77,0.15,0.285,0.6551724137931034
4535,148602880,672152,1.6262499713897705,17.025,9.92,0.525,0.0,3.5829736441373825,8.24,0.9,0.675,0.0,1.72,0.125,0.35,0.7368421052631579
4540,148766720,672740,1.2267500352859497,17.39,10.025,0.57,0.0,2.9014433175325394,8.425,0.915,0.755,0.0,1.815,0.16,0.385,0.7064220183486238
4545,148930560,673305,5.492999949455261,18.44,10.755,0.59,0.0,4.147269710898399,9.075,1.2,0.75,0.0,1.895,0.125,0.39,0.7572815533980582
4550,149094400,673887,2.905749831199646,17.905,10.22,0.555,0.0,3.6419991850852966,8.74,1.25,0.655,0.0,1.875,0.115,0.385,0.77
4555,149258240,674472,2.964999628067017,17.025,10.085,0.535,0.0,3.9138031005859375,8.88,1.12,0.615,0.0,1.675,0.1,0.325,0.7647058823529411
4560,149422080,675059,2.8102498865127563,17.435,10.215,0.54,0.0,3.6146900802850723,9.32,1.115,0.54,0.0,1.79,0.095,0.355,0.7888888888888889
4565,149585920,675627,4.279249963760376,18.06,10.58,0.58,0.0,4.112519457936287,9.79,1.155,0.515,0.0,1.845,0.16,0.435,0.7310924369747899
4570,149749760,676198,1.9254999876022338,16.93,9.845,0.495,0.0,4.056697800755501,8.785,1.075,0.825,0.0,1.645,0.11,0.345,0.7582417582417582
4575,149913600,676770,4.362249956130982,17.97,10.455,0.55,0.0,4.006441488862038,9.335,1.175,0.66,0.0,2.015,0.08,0.335,0.8072289156626506
4580,150077440,677346,4.818999857902527,18.325,10.535,0.575,0.0,4.377476930618286,9.415,1.15,0.735,0.0,1.935,0.105,0.355,0.7717391304347826
4585,150241280,677947,3.045749697685242,17.7,10.08,0.515,0.0,3.818821057677269,8.78,1.015,0.555,0.0,1.81,0.12,0.305,0.7176470588235294
4590,150405120,678502,3.15725013256073,17.93,10.645,0.57,0.0,3.501057878136635,9.58,1.115,0.645,0.0,1.79,0.11,0.375,0.7731958762886598
4595,150568960,679077,3.074249920845032,17.675,10.225,0.55,0.0,3.8880870044231415,10.035,1.255,0.57,0.0,1.9,0.11,0.425,0.794392523364486
4600,150732800,679630,4.9947497224807735,18.29,10.46,0.57,0.0,4.325561344623566,10.02,1.135,0.605,0.0,1.835,0.09,0.405,0.8181818181818182
4605,150896640,680207,1.1447499704360962,17.115,9.975,0.51,0.0,3.799392446875572,9.475,1.035,0.615,0.0,1.76,0.125,0.36,0.7422680412371134
4610,151060480,680776,4.025500035285949,18.305,10.365,0.575,0.0,3.8944635093212128,10.135,1.105,0.55,0.0,1.955,0.095,0.385,0.8020833333333334
4615,151224320,681335,2.4220000886917115,17.66,10.45,0.57,0.0,3.829867348074913,10.41,1.355,0.55,0.0,1.8,0.085,0.325,0.7926829268292683
4620,151388160,681920,4.700499820709228,18.325,10.6,0.56,0.0,3.661706417798996,10.445,1.195,0.675,0.0,1.81,0.12,0.305,0.7176470588235294
4625,151552000,682487,3.9844999170303343,17.775,10.45,0.53,0.0,3.066318467259407,10.405,1.265,0.72,0.0,1.82,0.075,0.38,0.8351648351648352
4630,151715840,683060,3.2664998245239256,17.195,9.95,0.535,0.0,3.7155766636133194,9.83,0.965,0.555,0.0,1.655,0.095,0.33,0.7764705882352941
4635,151879680,683661,0.5972500085830689,16.865,9.73,0.495,0.0,3.5879500657320023,9.265,1.115,0.62,0.0,1.695,0.11,0.385,0.7777777777777778
4640,152043520,684243,3.934249873161316,18.175,10.49,0.565,0.0,3.8724448531866074,10.18,1.18,0.7,0.0,1.885,0.12,0.345,0.7419354838709677
4645,152207360,684830,4.983249979019165,18.395,10.89,0.575,0.0,3.42263326048851,10.35,1.15,0.49,0.0,1.905,0.135,0.31,0.6966292134831461
4650,152371200,685427,3.4289998817443847,17.805,10.515,0.58,0.0,3.7704480290412903,9.825,1.015,0.62,0.0,1.815,0.11,0.36,0.7659574468085106
4655,152535040,686013,3.2939997005462645,17.26,9.825,0.515,0.0,3.4778120815753937,9.365,1.005,0.65,0.0,1.94,0.155,0.415,0.7280701754385965
4660,152698880,686597,3.389500017166138,17.76,10.305,0.55,0.0,3.4025105237960815,9.82,1.105,0.535,0.0,2.015,0.135,0.305,0.6931818181818182
4665,152862720,687179,5.751749701499939,18.735,10.875,0.63,0.0,3.7929781079292297,10.365,1.385,0.57,0.0,1.885,0.155,0.34,0.6868686868686869
4670,153026560,687756,3.707999920845032,17.84,10.35,0.55,0.0,3.947553589940071,9.475,1.07,0.55,0.0,1.91,0.09,0.365,0.8021978021978022
4675,153190400,688355,3.3122501516342164,17.825,10.34,0.565,0.0,4.00890177488327,9.37,0.95,0.64,0.0,1.9,0.13,0.36,0.7346938775510204
4680,153354240,688966,2.0392502450942995,17.085,9.83,0.475,0.0,3.930812954902649,8.955,1.09,0.45,0.0,1.86,0.12,0.39,0.7647058823529411
4685,153518080,689553,4.851250023841858,18.44,10.555,0.57,0.0,4.90256504714489,9.09,0.94,0.595,0.0,2.09,0.1,0.43,0.8113207547169812
4690,153681920,690173,3.083500065803528,17.94,10.385,0.565,0.0,4.35624997317791,9.215,1.03,0.66,0.0,1.915,0.095,0.36,0.7912087912087912
4695,153845760,690765,0.835250039100647,17.3,10.04,0.525,0.0,3.397675856947899,9.105,1.23,0.675,0.0,1.785,0.065,0.33,0.8354430379746836
4700,154009600,691387,0.4114999532699585,17.635,10.095,0.57,0.0,3.397965654730797,9.075,1.04,0.535,0.0,1.81,0.12,0.365,0.7525773195876289
4705,154173440,691998,3.593000192642212,18.115,10.36,0.575,0.0,3.245716005563736,8.685,1.08,0.725,0.0,1.945,0.115,0.405,0.7788461538461539
4710,154337280,692603,1.350999994277954,17.17,9.84,0.53,0.0,3.309359163045883,8.575,1.03,0.595,0.0,1.735,0.11,0.3,0.7317073170731707
4715,154501120,693190,2.944000144004822,17.985,10.66,0.58,0.0,3.081139102578163,9.505,1.2,0.665,0.0,1.87,0.095,0.33,0.7764705882352941
4720,154664960,693788,1.5570000648498534,17.03,10.005,0.52,0.0,2.929861068725586,9.0,0.975,0.545,0.0,1.82,0.13,0.355,0.7319587628865979
4725,154828800,694367,5.98374993801117,18.53,10.865,0.62,0.0,3.5785209983587265,9.33,1.25,0.725,0.0,1.815,0.075,0.41,0.845360824742268
4730,154992640,694943,4.06724974155426,18.555,10.68,0.645,0.0,3.3517275601625443,9.295,1.185,0.485,0.0,2.0,0.1,0.44,0.8148148148148148
4735,155156480,695543,1.9509998512268067,17.465,10.11,0.525,0.0,3.398607477545738,8.78,1.06,0.645,0.0,1.835,0.115,0.34,0.7472527472527473
4740,155320320,696159,3.341749930381775,17.96,10.505,0.57,0.0,3.5178644210100174,9.125,1.195,0.69,0.0,1.82,0.135,0.335,0.7127659574468085
4745,155484160,696757,2.617000002861023,17.855,10.21,0.58,0.0,3.0976836383342743,8.67,1.145,0.485,0.0,1.905,0.135,0.38,0.7378640776699029
4750,155648000,697349,2.3765000200271604,17.37,10.165,0.55,0.0,3.1924576312303543,8.26,1.15,0.62,0.0,1.885,0.115,0.325,0.7386363636363636
4755,155811840,697938,3.2032501888275147,17.9,10.505,0.59,0.0,3.4307131320238113,8.235,1.145,0.72,0.0,1.79,0.11,0.365,0.7684210526315789
4760,155975680,698522,3.2555001735687257,17.85,10.3,0.545,0.0,3.3766635060310364,8.475,1.075,0.55,0.0,1.87,0.145,0.365,0.7156862745098039
4765,156139520,699091,3.9527500677108764,18.355,10.67,0.635,0.0,3.775278851389885,9.185,1.37,0.615,0.0,1.94,0.095,0.33,0.7764705882352941
4770,156303360,699685,3.314750156402588,18.12,10.6,0.58,0.0,4.071482717990875,8.9,1.09,0.505,0.0,1.845,0.13,0.325,0.7142857142857143
4775,156467200,700275,3.3639999055862426,18.06,10.455,0.545,0.0,3.988409861922264,8.875,1.19,0.605,0.0,1.935,0.135,0.33,0.7096774193548387
4780,156631040,700880,1.8232500505447389,17.41,10.065,0.53,0.0,3.6946705877780914,8.89,0.915,0.645,0.0,1.885,0.105,0.335,0.7613636363636364
4785,156794880,701470,1.2724999690055847,17.65,10.175,0.545,0.0,3.2092075645923615,8.925,1.0,0.495,0.0,1.775,0.135,0.3,0.6896551724137931
4790,156958720,702055,2.0017500209808348,17.64,9.895,0.535,0.0,3.7284611016511917,8.23,1.05,0.575,0.0,1.9,0.1,0.44,0.8148148148148148
4795,157122560,702637,3.313750066757202,18.695,10.665,0.575,0.0,2.9534128308296204,9.025,1.185,0.815,0.0,1.96,0.1,0.32,0.7619047619047619
4800,157286400,703229,1.7532499170303344,17.615,10.22,0.585,0.0,2.9389827251434326,8.645,1.215,0.615,0.0,1.735,0.11,0.355,0.7634408602150538
4805,157450240,703818,3.0032499980926515,17.865,10.06,0.51,0.0,3.918107569217682,8.565,1.065,0.595,0.0,2.0,0.115,0.365,0.7604166666666666
4810,157614080,704399,3.5449998569488526,17.84,10.325,0.555,0.0,3.625587582588196,8.52,0.975,0.645,0.0,1.83,0.115,0.42,0.7850467289719626
4815,157777920,705001,2.79,17.935,10.28,0.555,0.0,3.628558486700058,8.71,1.005,0.515,0.0,1.95,0.1,0.395,0.797979797979798
4820,157941760,705620,0.07500007152557372,16.965,9.77,0.535,0.0,3.549009069800377,8.21,0.885,0.67,0.0,1.7,0.075,0.31,0.8051948051948052
4825,158105600,706236,2.6857498502731323,18.065,10.435,0.56,0.0,3.4013702124357224,8.885,0.915,0.645,0.0,1.935,0.11,0.39,0.78
4830,158269440,706825,4.356999926567077,18.07,10.49,0.555,0.0,3.936666503548622,9.4,0.875,0.875,0.0,1.93,0.075,0.37,0.8314606741573034
4835,158433280,707425,3.1222500562667848,17.835,10.315,0.525,0.0,4.42725782096386,9.51,0.925,0.545,0.0,1.89,0.14,0.385,0.7333333333333333
4840,158597120,708011,4.791999745368957,18.21,10.505,0.525,0.0,4.8076381385326385,9.765,1.025,0.52,0.0,1.905,0.125,0.315,0.7159090909090909
4845,158760960,708602,1.6852497720718385,17.375,10.15,0.495,0.0,4.4068168848752975,9.27,0.88,0.49,0.0,1.73,0.13,0.365,0.7373737373737373
4850,158924800,709216,1.6802500486373901,17.26,9.85,0.5,0.0,3.7677170783281326,9.19,0.885,0.695,0.0,1.785,0.12,0.315,0.7241379310344828
4855,159088640,709807,2.4464999866485595,16.945,9.975,0.51,0.0,3.987839162349701,9.0,1.05,0.645,0.0,1.62,0.1,0.32,0.7619047619047619
4860,159252480,710397,1.4059998846054078,17.4,10.135,0.53,0.0,3.5333494544029236,9.055,0.97,0.645,0.0,1.855,0.1,0.335,0.7701149425287356
4865,159416320,710973,1.5057502222061157,17.095,10.005,0.535,0.0,3.5672899782657623,8.98,0.815,0.62,0.0,1.725,0.105,0.335,0.7613636363636364
4870,159580160,711548,2.2082498025894166,17.67,10.45,0.51,0.0,3.8691723346710205,9.445,1.05,0.545,0.0,1.73,0.15,0.36,0.7058823529411765
4875,159744000,712097,5.998999972343444,18.58,11.15,0.555,0.0,3.8036936670541763,9.87,1.035,0.585,0.0,1.8,0.095,0.29,0.7532467532467533
4880,159907840,712684,5.529999709129333,18.185,10.605,0.57,0.0,4.324687421321869,9.455,1.0,0.7,0.0,1.915,0.125,0.345,0.7340425531914894
4885,160071680,713266,4.209249954223633,18.06,10.585,0.54,0.0,4.239242345094681,9.77,1.08,0.67,0.0,1.87,0.12,0.335,0.7362637362637363
4890,160235520,713829,2.9862501573562623,17.955,10.495,0.61,0.0,3.5007339119911194,9.61,1.26,0.74,0.0,1.835,0.115,0.315,0.7325581395348837
4895,160399360,714421,4.7629999876022335,17.99,10.565,0.575,0.0,3.9577132016420364,9.83,1.27,0.695,0.0,1.81,0.09,0.34,0.7906976744186046
4900,160563200,715007,1.2527499437332152,17.66,10.125,0.555,0.0,3.5168671756982803,9.28,1.07,0.785,0.0,1.73,0.165,0.325,0.6632653061224489
4905,160727040,715598,4.500999989509583,18.695,10.64,0.6,0.0,3.7129567563533783,9.63,1.095,0.685,0.0,2.055,0.12,0.47,0.7966101694915254
4910,160890880,716182,3.3870000219345093,18.2,10.785,0.615,0.0,3.20597243309021,10.04,1.085,0.745,0.0,1.655,0.13,0.345,0.7263157894736842
4915,161054720,716770,1.6554999446868897,17.265,10.04,0.52,0.0,3.8365857005119324,9.13,1.0,0.59,0.0,1.755,0.115,0.305,0.7261904761904762
4920,161218560,717367,2.7577500534057617,18.0,10.425,0.555,0.0,3.876189336180687,9.475,0.875,0.61,0.0,1.92,0.17,0.37,0.6851851851851852
4925,161382400,717966,2.0749997997283938,17.9,10.315,0.565,0.0,3.890881448984146,9.505,0.825,0.755,0.0,1.9,0.11,0.385,0.7777777777777778
4930,161546240,718544,2.3634999132156373,17.935,10.67,0.6,0.0,3.693366840481758,9.995,1.03,0.835,0.0,1.725,0.135,0.35,0.7216494845360825
4935,161710080,719147,0.3312498140335083,16.895,9.615,0.5,0.0,3.3696942776441574,8.73,0.945,0.495,0.0,1.805,0.14,0.31,0.6888888888888889
4940,161873920,719739,2.178999915122986,17.91,10.385,0.58,0.0,3.2754146605730057,9.375,0.98,0.6,0.0,1.845,0.095,0.34,0.7816091954022989
4945,162037760,720317,3.2904999113082884,18.385,10.685,0.6,0.0,3.1765795052051544,9.32,0.99,0.635,0.0,1.86,0.17,0.33,0.66
4950,162201600,720952,0.8724998617172242,16.97,9.86,0.53,0.0,3.6196483224630356,8.935,0.875,0.59,0.0,1.755,0.11,0.3,0.7317073170731707
4955,162365440,721579,-1.0137498807907104,16.575,9.42,0.53,0.0,3.5350446105003357,8.285,0.775,0.57,0.0,1.695,0.095,0.29,0.7532467532467533
4960,162529280,722193,0.43775020122528074,17.04,10.07,0.565,0.0,3.626821607351303,9.09,0.76,0.705,0.0,1.605,0.135,0.325,0.7065217391304348
4965,162693120,722812,0.28750005245208743,16.52,9.545,0.51,0.0,2.9796141237020493,8.705,0.755,0.56,0.0,1.73,0.1,0.305,0.7530864197530864
4970,162856960,723423,-0.040500221252441404,16.855,9.71,0.5,0.0,2.856884479522705,8.66,0.855,0.555,0.0,1.735,0.115,0.355,0.7553191489361702
4975,163020800,724034,0.4322500658035278,16.72,9.625,0.475,0.0,3.2225165367126465,8.685,0.86,0.615,0.0,1.745,0.115,0.365,0.7604166666666666
4980,163184640,724630,1.6332500553131104,17.58,10.305,0.555,0.0,2.9999037981033325,9.74,0.87,0.57,0.0,1.77,0.085,0.35,0.8045977011494253
4985,163348480,725233,1.333249979019165,17.235,10.04,0.555,0.0,3.048398718237877,9.58,0.84,0.58,0.0,1.805,0.09,0.3,0.7692307692307693
4990,163512320,725841,1.1257502079010009,17.485,10.025,0.585,0.0,3.1764702200889587,9.475,0.915,0.525,0.0,1.86,0.135,0.345,0.71875
4995,163676160,726438,2.3342498636245725,17.43,10.0,0.585,0.0,2.8944392949342728,9.555,0.935,0.375,0.0,1.92,0.085,0.345,0.8023255813953488
5000,163840000,727038,3.1427500247955322,17.735,10.555,0.55,0.0,3.45310640335083,9.97,0.955,0.54,0.0,1.775,0.11,0.27,0.7105263157894737
5005,164003840,727614,4.63774977684021,18.01,10.415,0.56,0.0,3.818890705704689,9.97,0.83,0.57,0.0,1.87,0.135,0.33,0.7096774193548387
5010,164167680,728176,3.8719997215270996,18.125,10.49,0.575,0.0,3.846106454730034,9.885,0.965,0.75,0.0,2.02,0.115,0.41,0.780952380952381
5015,164331520,728784,3.0409999227523805,18.02,10.4,0.53,0.0,3.977020263671875,10.1,1.17,0.59,0.0,1.93,0.09,0.375,0.8064516129032258
5020,164495360,729358,2.722000169754028,17.855,10.235,0.595,0.0,2.891055315732956,9.985,1.045,0.74,0.0,1.915,0.135,0.38,0.7378640776699029
5025,164659200,729932,4.512499823570251,18.09,10.375,0.575,0.0,2.713623493909836,9.885,0.99,0.77,0.0,2.07,0.1,0.41,0.803921568627451
5030,164823040,730481,1.3482501125335693,17.765,10.32,0.545,0.0,3.496038496494293,9.805,0.96,0.695,0.0,1.805,0.135,0.34,0.7157894736842105
5035,164986880,731072,2.024250011444092,17.55,10.18,0.56,0.0,2.967675596475601,9.325,0.875,0.55,0.0,1.875,0.12,0.305,0.7176470588235294
5040,165150720,731663,1.9977502155303954,17.84,10.26,0.59,0.0,3.003568410873413,9.335,1.06,0.525,0.0,1.905,0.125,0.36,0.7422680412371134
5045,165314560,732256,0.8279999685287476,16.705,9.805,0.545,0.0,3.0474357157945633,8.375,0.875,0.605,0.0,1.61,0.1,0.355,0.7802197802197802
5050,165478400,732850,2.572999815940857,17.46,10.09,0.565,0.0,2.8980447351932526,8.885,1.02,0.66,0.0,1.77,0.105,0.285,0.7307692307692307
5055,165642240,733418,3.0610000705718994,17.295,10.15,0.505,0.0,3.412289246916771,9.05,0.915,0.505,0.0,1.865,0.085,0.31,0.7848101265822784
5060,165806080,734003,2.4497501611709596,17.945,10.36,0.535,0.0,3.4823083877563477,10.045,0.91,0.71,0.0,1.87,0.15,0.325,0.6842105263157895
5065,165969920,734592,1.9077498865127565,17.445,10.105,0.595,0.0,3.53451906144619,9.685,1.01,0.64,0.0,1.815,0.06,0.36,0.8571428571428571
5070,166133760,735173,1.5325001287460327,17.73,10.19,0.56,0.0,3.452439710497856,9.575,0.955,0.445,0.0,1.87,0.145,0.335,0.6979166666666666
5075,166297600,735744,1.759750018119812,17.22,9.99,0.51,0.0,3.3601081520318985,9.575,1.16,0.67,0.0,1.78,0.075,0.395,0.8404255319148937
5080,166461440,736325,3.004499969482422,18.08,10.515,0.59,0.0,3.7203237265348434,9.505,1.2,0.805,0.0,1.905,0.08,0.415,0.8383838383838383
5085,166625280,736908,1.5515000247955322,17.68,10.175,0.575,0.0,3.3099555671215057,9.06,1.145,0.615,0.0,1.795,0.15,0.395,0.7247706422018348
5090,166789120,737486,1.990249924659729,17.505,10.13,0.575,0.0,3.3593793511390686,9.18,1.16,0.525,0.0,1.8,0.085,0.37,0.8131868131868132
5095,166952960,738067,1.9317499256134034,17.32,10.175,0.56,0.0,3.261841431260109,9.44,1.11,0.505,0.0,1.725,0.125,0.35,0.7368421052631579
5100,167116800,738619,5.800249991416931,18.415,10.805,0.6,0.0,3.5456669479608536,9.715,1.055,0.77,0.0,1.9,0.085,0.28,0.7671232876712328
5105,167280640,739212,2.2437500619888304,17.57,10.18,0.51,0.0,3.104269713163376,9.515,1.08,0.425,0.0,1.88,0.095,0.315,0.7682926829268293
5110,167444480,739766,1.360499954223633,17.7,10.21,0.55,0.0,3.1934261471033096,9.59,1.06,0.56,0.0,1.965,0.125,0.315,0.7159090909090909
5115,167608320,740329,3.3067501163482667,18.675,10.83,0.595,0.0,3.055868521332741,9.85,1.02,0.585,0.0,2.075,0.11,0.285,0.7215189873417721
5120,167772160,740882,1.881000084877014,17.74,10.205,0.57,0.0,3.245988205075264,9.395,1.17,0.52,0.0,1.925,0.1,0.365,0.7849462365591398
5125,167936000,741454,3.035000066757202,17.75,10.385,0.57,0.0,3.241929307579994,9.51,0.975,0.62,0.0,1.74,0.12,0.335,0.7362637362637363
5130,168099840,742013,3.6124998235702517,18.605,10.72,0.605,0.0,4.396891221404076,9.98,1.245,0.675,0.0,1.935,0.125,0.395,0.7596153846153846
5135,168263680,742601,1.005749955177307,16.94,9.685,0.535,0.0,4.028125032782555,8.525,1.075,0.59,0.0,1.815,0.085,0.38,0.8172043010752689
5140,168427520,743175,4.001000089645386,17.765,10.37,0.53,0.0,3.832471042871475,9.25,1.245,0.475,0.0,1.98,0.09,0.39,0.8125
5145,168591360,743740,4.116249966621399,18.735,10.895,0.555,0.0,3.9346661418676376,10.045,1.225,0.54,0.0,2.105,0.125,0.325,0.7222222222222222
5150,168755200,744302,3.662250113487244,18.3,10.495,0.615,0.0,4.009734958410263,10.025,1.195,0.56,0.0,1.85,0.1,0.4,0.8
5155,168919040,744901,4.71700005531311,18.705,10.845,0.605,0.0,4.221086919307709,10.27,1.195,0.74,0.0,2.075,0.09,0.42,0.8235294117647058
5160,169082880,745468,4.257000155448914,18.35,10.51,0.56,0.0,4.131038010120392,10.115,1.065,0.81,0.0,2.06,0.17,0.4,0.7017543859649122
5165,169246720,746043,3.1145000219345094,17.85,10.245,0.555,0.0,3.1202563792467117,10.09,1.025,0.61,0.0,1.94,0.11,0.355,0.7634408602150538
5170,169410560,746625,2.5972500133514402,17.91,10.235,0.55,0.0,3.507223814725876,10.06,1.015,0.65,0.0,1.865,0.15,0.36,0.7058823529411765
5175,169574400,747186,3.124750089645386,18.21,10.615,0.56,0.0,3.910194367170334,10.31,1.145,0.82,0.0,2.005,0.12,0.29,0.7073170731707317
5180,169738240,747753,2.442500033378601,17.21,10.05,0.54,0.0,3.7164932936429977,9.805,0.915,0.61,0.0,1.61,0.085,0.355,0.8068181818181818
5185,169902080,748330,2.1159998750686646,17.34,10.105,0.515,0.0,3.765936627984047,9.63,1.06,0.725,0.0,1.715,0.1,0.33,0.7674418604651163
5190,170065920,748883,3.947000069618225,18.29,10.745,0.615,0.0,3.602200150489807,10.425,1.07,0.48,0.0,1.95,0.125,0.34,0.7311827956989247
5195,170229760,749428,3.0944998502731322,18.0,10.44,0.55,0.0,4.069227531552315,10.32,0.975,0.685,0.0,1.845,0.125,0.335,0.7282608695652174
5200,170393600,749986,4.494000005722046,18.135,10.41,0.565,0.0,3.5537396520376205,10.105,1.015,0.83,0.0,1.975,0.125,0.345,0.7340425531914894
5205,170557440,750534,4.227500052452087,18.455,10.72,0.58,0.0,4.227385088801384,10.205,0.975,0.635,0.0,1.965,0.105,0.305,0.7439024390243902
5210,170721280,751102,2.00374990940094,17.855,10.375,0.575,0.0,3.47211092710495,9.2,0.875,0.695,0.0,1.895,0.09,0.38,0.8085106382978723
5215,170885120,751636,3.330499892234802,18.035,10.735,0.58,0.0,2.926617980003357,9.585,1.1,0.51,0.0,1.795,0.145,0.33,0.6947368421052632
5220,171048960,752210,3.5892497968673704,18.185,10.475,0.62,0.0,3.0320625454187393,9.505,1.145,0.73,0.0,1.935,0.12,0.38,0.76
5225,171212800,752749,4.008249955177307,18.295,10.42,0.58,0.0,3.3111657351255417,9.26,0.935,0.54,0.0,2.08,0.17,0.375,0.6880733944954128
5230,171376640,753297,4.894999861717224,18.185,10.805,0.595,0.0,3.1617811173200607,9.585,1.0,0.67,0.0,1.915,0.135,0.32,0.7032967032967034
5235,171540480,753886,4.282000007629395,18.23,10.45,0.595,0.0,3.7069277465343475,9.01,1.02,0.71,0.0,1.92,0.1,0.395,0.797979797979798
5240,171704320,754452,3.54824999332428,17.835,10.3,0.55,0.0,4.047537997364998,9.42,1.26,0.64,0.0,1.875,0.125,0.43,0.7747747747747747
5245,171868160,755019,6.300999846458435,19.035,11.27,0.585,0.0,3.8711041510105133,9.855,1.01,0.64,0.0,1.995,0.125,0.305,0.7093023255813954
5250,172032000,755582,5.6097497510910035,19.355,11.275,0.64,0.0,4.329078555107117,10.4,1.205,0.655,0.0,2.005,0.125,0.355,0.7395833333333334
5255,172195840,756164,3.06850004196167,17.665,10.195,0.54,0.0,4.311218038201332,9.345,1.075,0.685,0.0,1.935,0.135,0.35,0.7216494845360825
5260,172359680,756745,1.1379999589920045,17.705,10.165,0.565,0.0,4.188451603055,9.655,1.15,0.535,0.0,1.95,0.08,0.405,0.8350515463917526
5265,172523520,757308,5.491250038146973,18.49,10.755,0.59,0.0,4.118575304746628,10.43,1.255,0.585,0.0,1.885,0.12,0.385,0.7623762376237624
5270,172687360,757874,4.175499925613403,18.44,10.78,0.575,0.0,3.493978500366211,10.41,1.115,0.435,0.0,1.935,0.125,0.36,0.7422680412371134
5275,172851200,758450,4.156750040054321,18.12,10.38,0.555,0.0,4.379882499575615,9.835,0.94,0.89,0.0,1.945,0.115,0.365,0.7604166666666666
5280,173015040,759059,1.648000111579895,16.675,9.77,0.485,0.0,3.7478726506233215,9.13,0.94,0.425,0.0,1.63,0.075,0.31,0.8051948051948052
5285,173178880,759639,4.666500034332276,18.035,10.52,0.53,0.0,4.295274525880814,9.92,1.07,0.635,0.0,1.84,0.125,0.39,0.7572815533980582
5290,173342720,760233,1.1114998626708985,16.975,9.89,0.54,0.0,4.391448587179184,9.24,0.985,0.595,0.0,1.77,0.12,0.355,0.7473684210526316
5295,173506560,760798,2.624499912261963,17.445,10.125,0.58,0.0,3.9148141592741013,9.57,0.905,0.755,0.0,1.77,0.155,0.325,0.6770833333333334
5300,173670400,761374,5.281500058174133,18.585,10.73,0.62,0.0,3.9095582216978073,10.055,1.055,0.7,0.0,1.965,0.085,0.32,0.7901234567901234
5305,173834240,761924,5.609750051498413,18.5,10.845,0.59,0.0,4.030061319470406,9.95,1.05,0.685,0.0,1.855,0.15,0.365,0.7087378640776699
5310,173998080,762492,2.4622497749328613,17.94,10.34,0.55,0.0,3.0619265735149384,8.945,0.885,0.595,0.0,1.795,0.13,0.365,0.7373737373737373
5315,174161920,763075,4.494250183105469,17.91,10.51,0.565,0.0,3.395275577902794,9.24,0.99,0.545,0.0,1.95,0.09,0.285,0.76
5320,174325760,763643,1.0552499198913574,17.295,9.99,0.535,0.0,3.5078368932008743,8.665,0.885,0.575,0.0,1.865,0.1,0.38,0.7916666666666666
5325,174489600,764224,0.3920000076293945,17.255,9.98,0.54,0.0,3.292687952518463,8.76,0.825,0.695,0.0,1.895,0.12,0.315,0.7241379310344828
5330,174653440,764792,4.2229998850822446,18.535,10.665,0.615,0.0,3.0420849174261093,9.69,0.89,0.46,0.0,2.045,0.12,0.37,0.7551020408163265
5335,174817280,765372,3.354749825000763,18.35,10.655,0.59,0.0,3.727271020412445,9.775,0.975,0.79,0.0,1.925,0.165,0.37,0.6915887850467289
5340,174981120,765951,4.259250202178955,18.03,10.605,0.585,0.0,3.6818322986364365,9.835,0.715,0.76,0.0,1.78,0.105,0.44,0.8073394495412844
5345,175144960,766507,1.6999998331069945,17.7,10.19,0.54,0.0,3.4262010902166367,9.92,1.0,0.625,0.0,1.84,0.115,0.435,0.7909090909090909
5350,175308800,767086,3.828750281333923,17.96,10.31,0.52,0.0,3.861568495631218,9.745,0.77,0.885,0.0,1.92,0.125,0.335,0.7282608695652174
5355,175472640,767658,1.2394999551773072,17.095,9.865,0.51,0.0,3.3947048783302307,9.42,0.7,0.68,0.0,1.68,0.095,0.335,0.7790697674418605
5360,175636480,768227,2.9632500219345093,18.315,10.645,0.56,0.0,2.686289966106415,10.075,0.745,0.57,0.0,1.935,0.09,0.405,0.8181818181818182
5365,175800320,768796,4.299499864578247,18.25,10.615,0.565,0.0,3.693429321050644,9.985,0.89,0.695,0.0,1.965,0.105,0.425,0.8018867924528302
5370,175964160,769371,3.775499882698059,17.815,10.35,0.51,0.0,4.097617879509926,9.645,0.905,0.67,0.0,1.825,0.075,0.4,0.8421052631578947
5375,176128000,769955,1.9884998655319215,17.21,9.92,0.51,0.0,3.3042541295289993,9.62,0.925,0.665,0.0,1.795,0.09,0.42,0.8235294117647058
5380,176291840,770528,3.506249928474426,18.105,10.225,0.565,0.0,3.0198915898799896,9.735,1.16,0.81,0.0,1.945,0.075,0.42,0.8484848484848485
5385,176455680,771106,3.5529999256134035,17.855,10.51,0.53,0.0,3.4525972306728363,10.315,0.795,0.675,0.0,1.845,0.09,0.375,0.8064516129032258
5390,176619520,771694,3.6257499074935913,18.065,10.47,0.565,0.0,3.74935083091259,10.095,0.905,0.655,0.0,1.865,0.165,0.335,0.67
5395,176783360,772280,2.7592498302459716,17.77,10.41,0.575,0.0,3.4441114515066147,9.47,1.01,0.65,0.0,1.825,0.09,0.33,0.7857142857142857
5400,176947200,772857,1.4005000734329223,17.29,9.98,0.535,0.0,4.6716491132974625,9.03,0.995,0.735,0.0,1.81,0.105,0.39,0.7878787878787878
5405,177111040,773420,3.1362500047683715,17.575,10.445,0.52,0.0,3.5645377933979034,9.46,0.86,0.685,0.0,1.785,0.115,0.365,0.7604166666666666
5410,177274880,773984,4.329249992370605,18.39,10.86,0.59,0.0,3.4486451894044876,9.74,1.04,0.755,0.0,1.915,0.095,0.335,0.7790697674418605
5415,177438720,774551,1.814499843120575,17.36,10.19,0.53,0.0,3.742853358387947,9.07,0.755,0.6,0.0,1.77,0.085,0.42,0.8316831683168316
5420,177602560,775119,2.849499921798706,17.9,10.515,0.57,0.0,3.4825358539819717,9.32,0.85,0.665,0.0,1.745,0.125,0.36,0.7422680412371134
5425,177766400,775709,2.3917498636245726,17.35,10.3,0.575,0.0,3.2436655163764954,9.075,0.755,0.575,0.0,1.75,0.1,0.395,0.797979797979798
5430,177930240,776280,1.607999792098999,17.46,10.235,0.57,0.0,3.4375439882278442,9.165,0.85,0.58,0.0,1.81,0.085,0.36,0.8089887640449438
5435,178094080,776874,1.2332499170303344,16.885,9.845,0.53,0.0,3.030609279870987,9.065,0.745,0.485,0.0,1.665,0.09,0.385,0.8105263157894737
5440,178257920,777471,1.7635000038146973,17.92,10.155,0.58,0.0,3.1883884221315384,9.575,0.875,0.635,0.0,1.93,0.135,0.395,0.7452830188679245
5445,178421760,778070,3.5657500267028808,17.715,10.03,0.55,0.0,3.1950153708457947,9.455,0.835,0.63,0.0,1.935,0.125,0.355,0.7395833333333334
5450,178585600,778653,1.431500220298767,17.615,10.31,0.52,0.0,3.1018565744161606,9.86,0.835,0.595,0.0,1.86,0.115,0.305,0.7261904761904762
5455,178749440,779232,3.771999979019165,18.31,10.87,0.585,0.0,3.041956290602684,10.045,0.94,0.78,0.0,1.8,0.115,0.34,0.7472527472527473
5460,178913280,779819,2.2987499618530274,17.93,10.545,0.61,0.0,2.918428599834442,9.855,0.815,0.5,0.0,1.855,0.08,0.315,0.7974683544303798
5465,179077120,780428,0.28774991512298587,17.02,9.95,0.55,0.0,3.422105312347412,9.15,0.865,0.66,0.0,1.625,0.11,0.34,0.7555555555555555
5470,179240960,780995,4.5670000219345095,18.56,10.835,0.59,0.0,2.9945702105760574,10.15,0.945,0.65,0.0,1.94,0.095,0.395,0.8061224489795918
5475,179404800,781570,2.122249946594238,18.11,10.38,0.605,0.0,3.5107589066028595,10.06,0.965,0.635,0.0,1.88,0.13,0.345,0.7263157894736842
5480,179486720,781817,2.6884997940063475,17.54,10.16,0.565,0.0,3.1027104258537292,10.055,1.01,0.66,0.0,1.875,0.08,0.4,0.8333333333333334
5485,179568640,782103,4.4467500305175784,18.535,10.65,0.605,0.0,3.1100810915231705,10.52,1.115,0.62,0.0,2.07,0.13,0.41,0.7592592592592593
5490,179650560,782402,2.6492500066757203,17.415,10.1,0.545,0.0,2.9433949142694473,9.355,0.805,0.745,0.0,1.895,0.065,0.275,0.8088235294117647
5495,179732480,782686,4.227249913215637,17.965,10.405,0.545,0.0,3.320939466357231,9.92,1.04,0.65,0.0,1.805,0.125,0.365,0.7448979591836735
5500,179814400,782995,-0.45325013637542727,16.71,9.755,0.495,0.0,2.857543408870697,9.05,0.88,0.555,0.0,1.635,0.095,0.405,0.81
5505,179896320,783294,-0.2217496967315674,16.46,9.465,0.5,0.0,2.9165848195552826,9.11,1.105,0.69,0.0,1.695,0.09,0.33,0.7857142857142857
5510,179978240,783581,2.823750114440918,17.48,10.05,0.575,0.0,2.4401174038648605,9.76,1.055,0.57,0.0,1.845,0.085,0.42,0.8316831683168316
5515,180060160,783878,2.7557500553131105,17.81,10.15,0.555,0.0,2.8695685863494873,10.17,1.06,0.675,0.0,1.93,0.115,0.4,0.7766990291262136
5520,180142080,784186,0.2037498426437378,16.975,9.64,0.475,0.0,3.0452546775341034,9.3,0.88,0.57,0.0,1.63,0.085,0.395,0.8229166666666666
5525,180224000,784471,3.2242501735687257,17.68,10.15,0.555,0.0,3.2321180254220963,9.835,0.8,0.58,0.0,1.88,0.14,0.415,0.7477477477477478
5530,180305920,784758,1.874500069618225,17.5,9.985,0.54,0.0,2.608805239200592,10.03,0.795,0.79,0.0,1.845,0.12,0.355,0.7473684210526316
5535,180387840,785054,1.158999934196472,17.555,10.22,0.535,0.0,2.8650695830583572,9.975,0.695,0.7,0.0,1.79,0.085,0.33,0.7951807228915663
5540,180469760,785347,0.999749927520752,17.425,9.975,0.555,0.0,2.197597585618496,9.22,0.77,0.5,0.0,1.85,0.09,0.41,0.82
5545,180551680,785623,2.302749710083008,18.005,10.41,0.585,0.0,2.3152355328202248,9.94,0.805,0.855,0.0,1.965,0.085,0.315,0.7875
5550,180633600,785920,1.468250002861023,17.995,10.315,0.555,0.0,2.151207149028778,9.745,0.675,0.73,0.0,2.01,0.135,0.375,0.7352941176470589
5555,180715520,786217,3.6457501459121704,17.905,10.18,0.605,0.0,2.9498226046562195,9.555,0.8,0.505,0.0,1.925,0.16,0.38,0.7037037037037037
5560,180797440,786520,0.049999842643737795,17.035,9.81,0.505,0.0,2.3913307934999466,8.7,0.63,0.775,0.0,1.73,0.135,0.41,0.7522935779816514
5565,180879360,786826,0.7407500219345092,17.025,9.725,0.52,0.0,2.787454679608345,8.565,0.725,0.73,0.0,1.81,0.13,0.35,0.7291666666666666
5570,180961280,787128,1.6825000715255738,17.495,10.08,0.545,0.0,2.824389338493347,8.9,0.82,0.72,0.0,1.78,0.13,0.39,0.75
5575,181043200,787420,1.4197500085830688,17.565,10.02,0.53,0.0,2.736237943172455,9.155,0.695,0.585,0.0,1.815,0.1,0.41,0.803921568627451
5580,181125120,787715,2.7067499113082887,17.495,10.225,0.585,0.0,2.9002954959869385,9.38,0.695,0.855,0.0,1.665,0.125,0.29,0.6987951807228916
5585,181207040,788011,1.2544998264312743,17.455,10.22,0.545,0.0,2.989009827375412,8.91,0.735,0.71,0.0,1.8,0.075,0.415,0.8469387755102041
5590,181288960,788306,2.2142499685287476,17.525,10.11,0.57,0.0,2.6186175867915154,8.88,0.66,0.68,0.0,1.87,0.09,0.38,0.8085106382978723
5595,181370880,788601,3.0414998292922975,18.09,10.595,0.56,0.0,2.900467664003372,9.17,0.83,0.64,0.0,1.86,0.105,0.375,0.78125
5600,181452800,788903,0.45725000381469727,17.08,9.765,0.52,0.0,2.7692770808935165,8.58,0.725,0.635,0.0,1.675,0.12,0.335,0.7362637362637363
5605,181534720,789199,0.907499885559082,17.215,9.96,0.51,0.0,2.372338593006134,7.415,0.74,0.575,0.0,1.73,0.1,0.395,0.797979797979798
5610,181616640,789504,-0.9120001363754272,16.81,9.49,0.49,0.0,2.539291091263294,7.385,0.745,0.455,0.0,1.66,0.075,0.425,0.85
5615,181698560,789826,-0.7632498025894165,16.565,9.49,0.465,0.0,2.5308951288461685,6.925,0.595,0.58,0.0,1.7,0.16,0.325,0.6701030927835051
5620,181780480,790124,0.5030001497268677,17.095,9.82,0.525,0.0,1.9140185788273811,6.77,0.755,0.57,0.0,1.68,0.12,0.35,0.7446808510638298
5625,181862400,790439,-0.554500002861023,16.625,9.58,0.55,0.0,2.159396454691887,6.56,0.5,0.47,0.0,1.755,0.105,0.37,0.7789473684210526
5630,181944320,790748,-1.3250000286102295,16.835,9.555,0.475,0.0,2.1239881590008736,6.635,0.605,0.645,0.0,1.845,0.11,0.355,0.7634408602150538
5635,182026240,791065,-0.22500009059906007,16.855,9.67,0.525,0.0,2.731837660074234,6.915,0.68,0.565,0.0,1.735,0.105,0.33,0.7586206896551724
5640,182108160,791372,1.591999945640564,17.485,10.015,0.515,0.0,2.6169118881225586,7.245,0.84,0.525,0.0,1.895,0.09,0.35,0.7954545454545454
5645,182190080,791677,1.4642499828338622,17.43,9.93,0.58,0.0,2.1421205550432205,7.41,0.745,0.62,0.0,1.905,0.11,0.38,0.7755102040816326
5650,182272000,791984,0.05000001907348633,17.7,10.055,0.57,0.0,2.2767478302121162,7.585,0.745,0.51,0.0,1.895,0.11,0.39,0.78
5655,182353920,792295,-1.1670000123977662,16.345,9.525,0.475,0.0,2.4798463955521584,7.125,0.39,0.405,0.0,1.585,0.11,0.355,0.7634408602150538
5660,182435840,792604,-0.49900007247924805,16.725,9.57,0.52,0.0,2.3533138260245323,7.235,0.55,0.59,0.0,1.725,0.11,0.245,0.6901408450704225
5665,182517760,792935,-1.4789999961853026,16.29,9.455,0.475,0.0,2.150627300143242,6.545,0.555,0.47,0.0,1.67,0.09,0.305,0.7721518987341772
5670,182599680,793248,0.9964999675750732,17.08,9.78,0.54,0.0,2.587646394968033,6.87,0.585,0.635,0.0,1.81,0.125,0.32,0.7191011235955056
5675,182681600,793562,-0.6170000553131103,17.075,9.79,0.525,0.0,2.174559861421585,7.51,0.58,0.475,0.0,1.835,0.12,0.41,0.7735849056603774
5680,182763520,793876,-0.44275004863739015,16.93,9.595,0.525,0.0,2.754377856850624,7.595,0.8,0.565,0.0,1.75,0.105,0.375,0.78125
5685,182845440,794187,2.212499804496765,17.33,10.13,0.54,0.0,2.9304600059986115,8.745,0.54,0.565,0.0,1.845,0.05,0.415,0.8924731182795699
5690,182927360,794504,-0.1262498092651367,16.635,9.65,0.52,0.0,2.155325248837471,8.205,0.72,0.575,0.0,1.775,0.075,0.32,0.810126582278481
5695,183009280,794798,1.5804998683929443,17.435,9.92,0.585,0.0,2.173940248787403,9.09,0.735,0.755,0.0,1.82,0.115,0.355,0.7553191489361702
5700,183091200,795116,-0.10525012493133545,16.735,9.73,0.555,0.0,2.2161469906568527,9.475,0.695,0.565,0.0,1.73,0.125,0.33,0.7252747252747253
5705,183173120,795424,1.422999792098999,17.235,9.865,0.55,0.0,4.728277683258057,9.715,0.85,0.48,0.0,1.765,0.11,0.375,0.7731958762886598
5710,183255040,795708,2.0220000648498537,17.485,10.075,0.56,0.0,7.955549046397209,9.96,0.9,0.59,0.0,1.79,0.1,0.275,0.7333333333333333
5715,183336960,796000,0.1127501106262207,17.085,9.945,0.54,0.0,11.113254979252815,9.715,0.805,0.57,0.0,1.76,0.1,0.325,0.7647058823529411
5720,183418880,796305,-0.04924990177154541,16.64,9.74,0.525,0.0,2.2420528903603554,9.55,0.8,0.445,0.0,1.73,0.065,0.295,0.8194444444444444
5725,183500800,796607,0.3667500901222229,17.16,9.915,0.555,0.0,2.2397515550255775,10.145,0.875,0.53,0.0,1.76,0.06,0.39,0.8666666666666667
5730,183582720,796907,2.1724999952316284,17.68,10.225,0.54,0.0,2.5682472586631775,9.68,1.065,0.595,0.0,1.73,0.075,0.38,0.8351648351648352
5735,183664640,797198,1.5872498321533204,17.535,10.235,0.565,0.0,2.479500725865364,9.775,1.04,0.495,0.0,1.735,0.12,0.41,0.7735849056603774
5740,183746560,797506,0.7232497978210449,16.86,9.63,0.48,0.0,2.0981242060661316,9.285,1.015,0.66,0.0,1.705,0.095,0.3,0.759493670886076
5745,183828480,797808,0.19074995517730714,17.065,9.81,0.55,0.0,2.269919730722904,9.57,0.985,0.66,0.0,1.785,0.1,0.34,0.7727272727272727
5750,183910400,798110,0.8105000686645508,17.345,9.795,0.505,0.0,2.4998773634433746,9.515,1.015,0.63,0.0,1.9,0.105,0.315,0.75
5755,183992320,798433,-0.3242500352859497,15.995,9.215,0.465,0.0,2.4885876029729843,8.68,0.775,0.425,0.0,1.68,0.09,0.325,0.7831325301204819
5760,184074240,798742,-0.8242500925064087,16.86,9.65,0.495,0.0,2.1577776223421097,8.88,0.81,0.505,0.0,1.795,0.105,0.365,0.776595744680851
5765,184156160,799052,-0.576250057220459,16.38,9.565,0.47,0.0,1.6925501599907875,8.645,0.75,0.455,0.0,1.575,0.11,0.31,0.7380952380952381
5770,184238080,799364,-0.5525000190734863,16.665,9.62,0.505,0.0,2.3213097602128983,8.765,0.78,0.485,0.0,1.65,0.11,0.35,0.7608695652173914
5775,184320000,799671,0.7529999876022339,16.73,9.585,0.475,0.0,2.4857539907097816,8.895,0.84,0.45,0.0,1.745,0.145,0.36,0.7128712871287128
5780,184401920,799986,-0.22675002574920655,16.52,9.67,0.47,0.0,3.4496630877256393,8.83,0.84,0.66,0.0,1.62,0.07,0.445,0.8640776699029126
5785,184483840,800291,0.5169999361038208,16.935,9.905,0.51,0.0,2.3244618251919746,9.49,1.005,0.58,0.0,1.675,0.08,0.305,0.7922077922077922
5790,184565760,800605,0.7804999542236328,16.815,9.905,0.5,0.0,2.2514942809939384,9.215,0.915,0.68,0.0,1.715,0.08,0.26,0.7647058823529411
5795,184647680,800893,3.0595001554489136,17.355,10.44,0.51,0.0,2.9767065942287445,9.875,1.15,0.645,0.0,1.68,0.065,0.395,0.8586956521739131
5800,184729600,801186,2.115499930381775,17.44,10.295,0.555,0.0,2.8855345249176025,9.295,1.185,0.575,0.0,1.645,0.11,0.335,0.7528089887640449
5805,184811520,801473,2.506499934196472,17.36,10.1,0.505,0.0,2.628332242369652,9.225,1.235,0.52,0.0,1.74,0.14,0.375,0.7281553398058253
5810,184893440,801778,1.09724995136261,17.055,10.0,0.505,0.0,2.5649329200387,8.615,1.115,0.43,0.0,1.71,0.135,0.255,0.6538461538461539
5815,184975360,802096,0.21999999523162841,16.11,9.27,0.455,0.0,2.2842869758605957,8.03,1.145,0.45,0.0,1.605,0.14,0.32,0.6956521739130435
5820,185057280,802385,1.5117501306533814,17.015,9.845,0.51,0.0,2.696772411465645,8.7,0.99,0.48,0.0,1.735,0.14,0.345,0.711340206185567
5825,185139200,802697,-0.08625003814697266,16.425,9.465,0.475,0.0,2.1786510795354843,8.64,1.115,0.585,0.0,1.66,0.105,0.315,0.75
5830,185221120,802991,1.4219999361038207,17.18,10.08,0.535,0.0,3.1009348332881927,9.3,1.19,0.51,0.0,1.775,0.105,0.315,0.75
5835,185303040,803286,1.5172501993179321,17.41,9.925,0.55,0.0,2.6271733790636063,9.385,0.98,0.62,0.0,1.88,0.12,0.33,0.7333333333333333
5840,185384960,803579,2.5939997625350952,17.695,9.995,0.54,0.0,3.0008221566677094,9.135,1.125,0.605,0.0,1.905,0.115,0.35,0.7526881720430108
5845,185466880,803876,0.9917498016357422,17.58,10.195,0.57,0.0,2.829349249601364,9.255,1.18,0.415,0.0,1.94,0.125,0.315,0.7159090909090909
5850,185548800,804154,1.7364998817443849,17.755,10.215,0.54,0.0,2.2696132361888885,8.66,1.225,0.725,0.0,1.92,0.115,0.42,0.7850467289719626
5855,185630720,804457,-0.3187500810623169,16.905,9.835,0.515,0.0,3.007202059030533,8.07,0.77,0.525,0.0,1.75,0.08,0.365,0.8202247191011236
5860,185712640,804746,1.4252500057220459,17.51,10.255,0.515,0.0,2.307542383670807,8.76,1.005,0.77,0.0,1.83,0.095,0.35,0.7865168539325843
5865,185794560,805047,0.47400000095367434,16.665,9.485,0.505,0.0,2.4389432445168495,8.235,0.85,0.46,0.0,1.71,0.08,0.425,0.8415841584158416
5870,185876480,805325,3.100749664306641,18.54,10.71,0.595,0.0,2.7514366880059242,10.03,1.225,0.62,0.0,2.01,0.115,0.345,0.75
5875,185958400,805614,0.6652500200271606,17.665,10.245,0.54,0.0,3.358653172850609,9.96,1.045,0.74,0.0,1.84,0.105,0.425,0.8018867924528302
5880,186040320,805906,1.9672499561309815,17.12,9.805,0.49,0.0,3.331331357359886,9.32,0.975,0.75,0.0,1.9,0.075,0.38,0.8351648351648352
5885,186122240,806217,2.3489998054504393,17.54,10.03,0.505,0.0,3.0373660773038864,9.58,1.03,0.67,0.0,1.86,0.12,0.385,0.7623762376237624
5890,186204160,806491,2.478250117301941,17.91,10.455,0.54,0.0,2.6839553639292717,9.765,1.085,0.595,0.0,1.89,0.085,0.405,0.826530612244898
5895,186286080,806782,2.3677499151229857,17.755,10.415,0.585,0.0,3.044148698449135,9.065,1.11,0.615,0.0,1.795,0.105,0.37,0.7789473684210526
5900,186368000,807071,2.158000068664551,17.48,10.055,0.49,0.0,3.3470603823661804,9.355,1.085,0.52,0.0,1.83,0.115,0.385,0.77
5905,186449920,807354,3.1249998903274534,18.26,10.59,0.54,0.0,2.501292422413826,8.795,1.11,0.655,0.0,1.955,0.085,0.395,0.8229166666666666
5910,186531840,807636,3.110000042915344,18.49,10.69,0.57,0.0,2.7038248777389526,9.14,1.23,0.725,0.0,1.99,0.07,0.4,0.851063829787234
5915,186613760,807916,4.229749948978424,18.19,10.495,0.59,0.0,3.464094713330269,9.135,1.05,0.675,0.0,2.045,0.105,0.26,0.7123287671232876
5920,186695680,808211,2.233499975204468,18.25,10.34,0.595,0.0,3.145366534590721,9.695,1.17,0.805,0.0,1.935,0.125,0.41,0.7663551401869159
5925,186777600,808509,1.7564998483657837,17.72,10.295,0.51,0.0,3.558042049407959,8.775,1.09,0.745,0.0,1.81,0.08,0.305,0.7922077922077922
5930,186859520,808808,1.4262499952316283,17.78,10.18,0.555,0.0,3.159039244055748,8.23,1.015,0.61,0.0,2.02,0.11,0.36,0.7659574468085106
5935,186941440,809106,1.2737501192092895,17.32,9.98,0.485,0.0,2.750974014401436,8.365,1.035,0.6,0.0,1.845,0.115,0.325,0.7386363636363636
5940,187023360,809401,1.6057499837875366,17.31,9.9,0.5,0.0,2.8110316395759583,8.51,0.965,0.55,0.0,1.895,0.08,0.33,0.8048780487804879
5945,187105280,809678,2.0917500925064085,17.805,10.305,0.525,0.0,2.394309662282467,9.105,0.935,0.495,0.0,1.93,0.105,0.36,0.7741935483870968
5950,187187200,809994,-0.5605000638961792,16.29,9.38,0.51,0.0,2.613096833229065,8.225,0.81,0.53,0.0,1.67,0.115,0.34,0.7472527472527473
5955,187269120,810293,-0.5227499198913574,16.63,9.51,0.52,0.0,2.452675700187683,8.315,0.77,0.68,0.0,1.85,0.135,0.25,0.6493506493506493
5960,187351040,810583,2.3382499265670775,17.375,9.925,0.46,0.0,2.5796545073390007,8.325,0.76,0.485,0.0,1.835,0.115,0.41,0.780952380952381
5965,187432960,810877,0.7237499332427979,17.05,9.75,0.45,0.0,2.2129492685198784,8.935,0.805,0.665,0.0,1.77,0.095,0.345,0.7840909090909091
5970,187514880,811163,0.43974980354309084,16.93,9.68,0.47,0.0,2.349344566464424,8.61,0.805,0.49,0.0,1.81,0.085,0.385,0.8191489361702128
5975,187596800,811424,2.283750042915344,18.0,10.23,0.535,0.0,2.8328391909599304,9.405,0.76,0.465,0.0,2.025,0.085,0.355,0.8068181818181818
5980,187678720,811690,4.1994998741149905,18.11,10.555,0.585,0.0,2.2852425053715706,9.88,0.73,0.55,0.0,1.925,0.145,0.435,0.75
5985,187760640,811977,2.30974995136261,17.4,9.855,0.56,0.0,2.2534146308898926,9.42,0.805,0.605,0.0,1.895,0.135,0.425,0.7589285714285714
5990,187842560,812266,0.1642498779296875,16.81,9.58,0.475,0.0,2.585487626492977,8.755,0.675,0.565,0.0,1.745,0.17,0.365,0.6822429906542056
5995,187924480,812551,0.16850006818771363,16.665,9.62,0.495,0.0,2.1351063549518585,8.695,0.745,0.53,0.0,1.765,0.125,0.34,0.7311827956989247
6000,188006400,812844,-0.0765001392364502,16.605,9.67,0.51,0.0,1.9874043017625809,9.3,0.57,0.435,0.0,1.68,0.09,0.34,0.7906976744186046
6005,188088320,813130,0.8727500438690186,16.985,9.65,0.535,0.0,2.484771266579628,9.315,0.6,0.535,0.0,1.73,0.105,0.415,0.7980769230769231
6010,188170240,813409,1.4347501373291016,17.44,9.92,0.475,0.0,1.7863035425543785,8.66,0.69,0.535,0.0,1.875,0.13,0.29,0.6904761904761905
6015,188252160,813687,3.031999959945679,17.855,10.37,0.56,0.0,2.321580708026886,8.905,0.755,0.53,0.0,1.89,0.175,0.33,0.6534653465346535
6020,188334080,813980,1.1402497673034668,17.04,9.845,0.51,0.0,2.265453889966011,8.71,0.665,0.455,0.0,1.79,0.075,0.285,0.7916666666666666
6025,188416000,814283,-1.234250226020813,16.065,9.45,0.48,0.0,2.553244009613991,8.53,0.635,0.485,0.0,1.625,0.075,0.33,0.8148148148148148
6030,188497920,814566,3.1294999647140505,17.55,10.21,0.54,0.0,2.379279375076294,9.17,0.74,0.55,0.0,1.81,0.09,0.37,0.8043478260869565
6035,188579840,814847,2.408749985694885,17.51,10.27,0.525,0.0,2.578016921877861,9.145,0.915,0.5,0.0,1.975,0.075,0.295,0.7972972972972973
6040,188661760,815129,2.00799998998642,17.14,10.07,0.545,0.0,2.094511643052101,8.535,0.955,0.405,0.0,1.775,0.09,0.335,0.788235294117647
6045,188743680,815412,3.090499987602234,17.84,10.22,0.525,0.0,2.4085855409502983,9.22,1.08,0.83,0.0,1.9,0.095,0.37,0.7956989247311828
6050,188825600,815691,1.8734999322891235,17.465,9.995,0.51,0.0,2.786573901772499,9.53,0.845,0.48,0.0,1.81,0.12,0.39,0.7647058823529411
6055,188907520,815968,2.2292500066757204,17.89,10.28,0.55,0.0,2.6748056858778,9.735,0.95,0.46,0.0,1.995,0.125,0.355,0.7395833333333334
6060,188989440,816249,1.2944997978210449,17.575,9.925,0.535,0.0,2.6302640438079834,9.185,0.71,0.625,0.0,1.86,0.105,0.36,0.7741935483870968
6065,189071360,816521,3.8752498388290406,17.95,10.535,0.53,0.0,2.660882130265236,9.78,0.895,0.605,0.0,1.865,0.105,0.365,0.776595744680851
6070,189153280,816797,1.4270000457763672,17.315,9.96,0.51,0.0,2.7791308760643005,9.085,0.865,0.735,0.0,1.82,0.125,0.315,0.7159090909090909
6075,189235200,817062,4.737250027656555,18.425,10.64,0.57,0.0,3.423483833670616,9.595,0.945,0.85,0.0,1.92,0.085,0.41,0.8282828282828283
6080,189317120,817338,3.382999987602234,17.63,10.3,0.51,0.0,3.225047677755356,9.365,1.095,0.775,0.0,1.805,0.1,0.405,0.801980198019802
6085,189399040,817614,2.778749871253967,17.81,10.475,0.5,0.0,3.0521409064531326,9.38,1.105,0.645,0.0,1.8,0.09,0.32,0.7804878048780488
6090,189480960,817904,-0.019249906539916994,16.765,9.585,0.5,0.0,2.3943370953202248,8.735,1.015,0.6,0.0,1.74,0.08,0.32,0.8
6095,189562880,818170,3.0977501010894777,18.11,10.31,0.565,0.0,2.598614849150181,9.09,1.065,0.62,0.0,2.035,0.1,0.36,0.782608695652174
6100,189644800,818442,1.208749737739563,17.405,10.11,0.49,0.0,2.557794563472271,8.48,0.925,0.535,0.0,1.71,0.095,0.36,0.7912087912087912
6105,189726720,818735,-0.7759998846054077,16.515,9.49,0.44,0.0,3.2660555094480515,7.895,0.89,0.525,0.0,1.68,0.12,0.365,0.7525773195876289
6110,189808640,818996,2.1592501974105835,17.84,10.335,0.575,0.0,2.811160385608673,8.185,0.89,0.625,0.0,1.81,0.135,0.4,0.7476635514018691
6115,189890560,819278,0.9354998064041138,17.265,9.975,0.515,0.0,3.0817058235406876,7.68,0.845,0.515,0.0,1.835,0.115,0.37,0.7628865979381443
6120,189972480,819577,0.8634998631477356,17.005,9.82,0.52,0.0,2.4231176152825356,8.045,0.73,0.615,0.0,1.825,0.115,0.355,0.7553191489361702
6125,190054400,819865,-1.3017499399185182,16.425,9.375,0.5,0.0,1.9393495917320251,7.315,0.74,0.495,0.0,1.675,0.13,0.35,0.7291666666666666
6130,190136320,820149,0.027999958992004394,17.03,9.58,0.525,0.0,1.701892338693142,7.91,0.77,0.445,0.0,1.825,0.105,0.37,0.7789473684210526
6135,190218240,820443,0.2142499017715454,16.89,9.67,0.51,0.0,2.20442558825016,8.475,0.745,0.565,0.0,1.7,0.105,0.34,0.7640449438202247
6140,190300160,820717,0.24774983406066894,16.9,9.87,0.51,0.0,2.0510206520557404,8.87,0.63,0.64,0.0,1.855,0.1,0.33,0.7674418604651163
6145,190382080,820999,3.4927497482299805,17.73,10.465,0.545,0.0,2.2876904755830765,9.565,0.705,0.725,0.0,1.825,0.11,0.345,0.7582417582417582
6150,190464000,821275,2.772500057220459,17.37,10.225,0.485,0.0,2.9904818534851074,9.53,0.75,0.675,0.0,1.825,0.11,0.285,0.7215189873417721
6155,190545920,821562,0.3907501268386841,17.15,9.69,0.485,0.0,2.1313768848776817,8.44,0.82,0.655,0.0,1.855,0.14,0.325,0.6989247311827957
6160,190627840,821854,0.9892498302459717,17.055,9.815,0.51,0.0,2.72351111471653,8.89,0.77,0.56,0.0,1.71,0.075,0.375,0.8333333333333334
6165,190709760,822135,2.741750054359436,17.465,10.02,0.495,0.0,2.426205098628998,9.42,0.75,0.645,0.0,1.795,0.13,0.31,0.7045454545454546
6170,190791680,822403,1.7477501678466796,18.025,10.26,0.555,0.0,2.840697556734085,9.39,0.81,0.505,0.0,2.025,0.06,0.365,0.8588235294117647
6175,190873600,822690,1.4755000686645507,17.45,10.11,0.555,0.0,1.9822129607200623,9.545,0.91,0.59,0.0,1.8,0.07,0.43,0.86
6180,190955520,822962,2.8124998569488526,17.92,10.27,0.575,0.0,2.547189638018608,9.805,0.95,0.685,0.0,1.93,0.09,0.34,0.7906976744186046
6185,191037440,823223,3.6062499046325684,18.3,10.485,0.59,0.0,3.0081668347120285,9.165,0.845,0.83,0.0,2.035,0.125,0.33,0.7252747252747253
6190,191119360,823506,0.1615000009536743,16.705,9.77,0.44,0.0,2.7448673024773598,7.86,0.865,0.47,0.0,1.695,0.1,0.3,0.75
6195,191201280,823778,1.7537499570846558,17.555,10.095,0.535,0.0,2.8891722932457924,8.08,0.735,0.66,0.0,1.88,0.11,0.395,0.7821782178217822
6200,191283200,824051,1.9719998836517334,17.32,9.865,0.5,0.0,2.1158577501773834,8.31,0.77,0.525,0.0,1.82,0.14,0.375,0.7281553398058253
6205,191365120,824342,0.019999818801879884,16.74,9.74,0.56,0.0,2.3023878186941147,7.83,0.78,0.305,0.0,1.755,0.08,0.3,0.7894736842105263
6210,191447040,824623,0.9812499380111694,17.685,10.17,0.525,0.0,2.1176129207015038,7.765,0.745,0.645,0.0,1.885,0.135,0.39,0.7428571428571429
6215,191528960,824900,2.50000004529953,17.335,10.085,0.525,0.0,2.5370379760861397,7.725,0.685,0.535,0.0,1.83,0.11,0.345,0.7582417582417582
6220,191610880,825187,1.1979997301101684,17.095,9.785,0.545,0.0,2.388312228024006,7.61,0.8,0.535,0.0,1.735,0.115,0.32,0.735632183908046
6225,191692800,825475,1.600750150680542,17.54,10.12,0.48,0.0,2.5509098023176193,7.89,0.99,0.49,0.0,1.745,0.105,0.425,0.8018867924528302
6230,191774720,825751,0.8622500133514405,17.355,9.885,0.54,0.0,2.3265373557806015,7.74,0.745,0.485,0.0,1.895,0.115,0.265,0.6973684210526315
6235,191856640,826041,1.7945000410079956,17.34,10.025,0.505,0.0,2.27596652507782,8.405,0.89,0.47,0.0,1.79,0.115,0.35,0.7526881720430108
6240,191938560,826325,1.210750002861023,17.42,10.035,0.53,0.0,2.308175206184387,7.96,0.96,0.525,0.0,1.89,0.14,0.37,0.7254901960784313
6245,192020480,826614,3.815999917984009,17.935,10.355,0.54,0.0,3.5728647857904434,8.43,1.095,0.485,0.0,1.76,0.095,0.405,0.81
6249,192086016,826829,4.813250007629395,18.475,10.61,0.6,0.0,2.657186396420002,9.355,0.87,0.615,0.0,2.0,0.12,0.37,0.7551020408163265
6250,192118784,826848,-17.942104992113617,6.2105263157894735,3.9473684210526314,0.0,0.0,2.308467522263527,3.6315789473684212,0.5263157894736842,0.05263157894736842,0.0,0.0,0.05263157894736842,0.10526315789473684,0.6666666666666666
6255,192282624,827429,1.6732500743865968,17.8,10.38,0.53,0.0,3.179605782032013,9.855,1.07,0.415,0.0,1.795,0.13,0.365,0.7373737373737373
6260,192446464,828012,3.3982498979568483,17.655,10.02,0.49,0.0,3.050678163766861,9.05,1.005,0.45,0.0,1.97,0.12,0.405,0.7714285714285715
6265,192610304,828573,3.802749891281128,18.245,10.685,0.59,0.0,3.554242730140686,9.895,1.08,0.69,0.0,1.965,0.115,0.39,0.7722772277227723
6270,192774144,829151,3.012750244140625,17.975,10.595,0.565,0.0,3.544402614235878,9.88,1.17,0.485,0.0,1.77,0.105,0.395,0.79
6275,192937984,829740,3.6614997816085815,18.03,10.33,0.56,0.0,3.0443193912506104,9.05,0.795,0.475,0.0,2.045,0.13,0.37,0.74
6280,193101824,830322,3.703249750137329,18.465,10.73,0.565,0.0,4.146003365516663,9.945,0.945,0.69,0.0,1.86,0.15,0.435,0.7435897435897436
6285,193265664,830887,4.348749861717224,17.975,10.63,0.56,0.0,3.5065128207206726,10.95,0.905,0.58,0.0,1.81,0.11,0.425,0.794392523364486
6290,193429504,831470,4.450749959945679,18.415,10.72,0.6,0.0,3.450480207800865,11.16,1.14,0.74,0.0,1.975,0.15,0.36,0.7058823529411765
6295,193593344,832022,5.566500215530396,18.535,10.82,0.585,0.0,3.903529480099678,10.45,0.96,0.535,0.0,1.995,0.09,0.425,0.8252427184466019
6300,193757184,832608,1.6644998979568482,16.92,9.935,0.505,0.0,3.104231223464012,9.455,0.785,0.485,0.0,1.705,0.125,0.36,0.7422680412371134
6305,193921024,833189,2.6455000019073487,17.79,10.345,0.535,0.0,3.265111029148102,9.78,1.05,0.505,0.0,1.81,0.1,0.365,0.7849462365591398
6310,194084864,833779,0.6287500405311585,16.72,9.765,0.51,0.0,3.3924888372421265,9.095,0.955,0.54,0.0,1.685,0.115,0.435,0.7909090909090909
6315,194248704,834362,2.7037498998641967,18.115,10.395,0.565,0.0,4.034570619463921,9.52,0.925,0.595,0.0,1.925,0.11,0.385,0.7777777777777778
6320,194412544,834937,4.453499779701233,18.595,10.9,0.59,0.0,3.7582569420337677,10.13,1.0,0.525,0.0,2.01,0.14,0.3,0.6818181818181818
6325,194576384,835522,2.308749966621399,17.505,10.165,0.525,0.0,3.8271228075027466,9.445,1.045,0.6,0.0,1.855,0.125,0.365,0.7448979591836735
6330,194740224,836102,4.70375,18.62,10.85,0.57,0.0,3.6771336793899536,9.79,1.07,0.56,0.0,2.025,0.13,0.42,0.7636363636363637
6335,194904064,836685,2.437999906539917,17.66,10.265,0.51,0.0,4.072393372654915,9.1,0.945,0.535,0.0,1.76,0.105,0.405,0.7941176470588235
6340,195067904,837245,2.703749656677246,18.165,10.55,0.595,0.0,3.9260907769203186,9.455,1.03,0.62,0.0,1.915,0.13,0.36,0.7346938775510204
6345,195231744,837842,2.317499961853027,17.6,10.235,0.515,0.0,3.47265188395977,9.33,0.945,0.5,0.0,1.905,0.095,0.345,0.7840909090909091
6350,195395584,838414,3.3412500619888306,18.355,10.695,0.585,0.0,3.5682822167873383,10.11,1.07,0.615,0.0,1.99,0.145,0.375,0.7211538461538461
6355,195559424,838993,2.8167499256134034,18.315,10.525,0.555,0.0,3.531082034111023,9.795,1.16,0.605,0.0,2.025,0.1,0.35,0.7777777777777778
6360,195723264,839566,3.3685001230239866,18.05,10.395,0.525,0.0,3.2545862793922424,9.845,1.075,0.62,0.0,1.845,0.11,0.305,0.7349397590361446
6365,195887104,840151,2.305500030517578,17.63,10.17,0.575,0.0,3.81041619181633,10.545,1.05,0.555,0.0,1.795,0.135,0.325,0.7065217391304348
6370,196050944,840712,1.7697498655319215,17.955,10.36,0.53,0.0,3.2389069348573685,10.64,0.99,0.54,0.0,1.775,0.135,0.295,0.686046511627907
6375,196214784,841280,2.929250032901764,17.75,10.455,0.555,0.0,3.5693798065185547,10.865,1.055,0.535,0.0,1.925,0.125,0.285,0.6951219512195121
6380,196378624,841848,1.579500026702881,17.795,10.43,0.56,0.0,3.045009821653366,10.05,0.83,0.555,0.0,1.83,0.105,0.32,0.7529411764705882
6385,196542464,842411,1.1172499942779541,17.26,10.095,0.51,0.0,3.3215235769748688,9.655,0.86,0.51,0.0,1.755,0.135,0.375,0.7352941176470589
6390,196706304,842974,1.9434998321533203,17.32,10.045,0.52,0.0,3.334713637828827,9.975,1.005,0.585,0.0,1.675,0.145,0.38,0.7238095238095238
6395,196870144,843512,6.9504998254776,19.22,10.895,0.59,0.0,3.423346757888794,10.555,1.25,0.69,0.0,2.15,0.085,0.3,0.7792207792207793
6400,197033984,844082,4.0722499227523805,18.225,10.545,0.56,0.0,3.6322513967752457,10.725,1.025,0.645,0.0,1.875,0.16,0.305,0.6559139784946236
6405,197197824,844647,4.12999988079071,18.1,10.545,0.575,0.0,3.7037259489297867,10.76,1.0,0.595,0.0,1.835,0.1,0.36,0.782608695652174
6410,197361664,845214,3.313500094413757,17.935,10.535,0.58,0.0,3.2401311844587326,10.245,1.075,0.635,0.0,1.91,0.13,0.265,0.6708860759493671
6415,197525504,845764,3.2820000886917113,18.465,10.83,0.6,0.0,3.652323290705681,10.27,1.25,0.645,0.0,1.925,0.12,0.405,0.7714285714285715
6420,197689344,846322,2.213999924659729,18.235,10.715,0.595,0.0,3.7916475981473923,10.16,1.115,0.615,0.0,1.89,0.12,0.4,0.7692307692307693
6425,197853184,846877,2.4765001916885376,17.84,10.175,0.525,0.0,3.7891791611909866,9.565,0.955,0.675,0.0,1.875,0.13,0.42,0.7636363636363637
6430,198017024,847446,1.713000078201294,17.725,10.26,0.56,0.0,3.8854271322488785,9.545,0.925,0.53,0.0,1.905,0.11,0.425,0.794392523364486
6435,198180864,847993,2.894749789237976,18.165,10.53,0.57,0.0,3.757132053375244,9.35,0.895,0.725,0.0,1.865,0.075,0.45,0.8571428571428571
6440,198344704,848546,2.62924973487854,17.88,10.235,0.525,0.0,3.667032614350319,9.075,1.025,0.54,0.0,1.83,0.115,0.4,0.7766990291262136
6445,198508544,849117,5.135500016212464,18.0,10.41,0.545,0.0,4.166553467512131,9.145,0.81,0.64,0.0,1.865,0.135,0.365,0.73
6450,198672384,849654,4.353750133514405,18.53,10.725,0.565,0.0,3.5378948152065277,9.545,0.925,0.54,0.0,2.005,0.115,0.29,0.7160493827160493
6455,198836224,850228,4.014250090122223,18.23,10.515,0.55,0.0,3.99030838906765,9.67,1.135,0.58,0.0,1.925,0.095,0.375,0.7978723404255319
6460,199000064,850800,1.409749722480774,16.99,9.81,0.49,0.0,3.462772563099861,8.765,0.82,0.76,0.0,1.745,0.1,0.345,0.7752808988764045
6465,199163904,851358,1.9805000710487366,17.845,10.18,0.57,0.0,3.5252833664417267,9.145,1.065,0.55,0.0,1.965,0.135,0.345,0.71875
6470,199327744,851929,1.9912499332427978,17.7,10.28,0.525,0.0,3.60306578874588,9.235,1.015,0.575,0.0,1.92,0.095,0.3,0.759493670886076
6475,199491584,852480,2.625500226020813,17.955,10.465,0.595,0.0,3.75894071161747,9.44,0.97,0.675,0.0,1.8,0.15,0.325,0.6842105263157895
6480,199655424,853059,2.244749917984009,17.595,10.135,0.535,0.0,4.186083033680916,9.74,1.155,0.5,0.0,1.98,0.105,0.28,0.7272727272727273
6485,199819264,853668,3.6952501487731935,17.58,10.095,0.515,0.0,3.772691026329994,9.57,0.91,0.59,0.0,1.895,0.16,0.365,0.6952380952380952
6490,199983104,854283,2.23575026512146,17.35,10.135,0.52,0.0,3.7467158287763596,9.42,0.96,0.81,0.0,1.755,0.11,0.29,0.725
6495,200146944,854863,1.0659998226165772,17.375,10.235,0.57,0.0,3.4565964192152023,9.285,0.975,0.715,0.0,1.76,0.11,0.33,0.75
6500,200310784,855440,2.9012499904632567,18.055,10.55,0.56,0.0,3.4645490795373917,9.355,1.09,0.75,0.0,1.93,0.11,0.375,0.7731958762886598
6505,200474624,856021,5.3102500438690186,19.025,11.15,0.605,0.0,4.11143983900547,10.62,1.01,0.825,0.0,2.045,0.13,0.335,0.7204301075268817
6510,200638464,856604,3.1410000038146975,18.745,10.905,0.6,0.0,3.6255289763212204,10.72,0.95,0.655,0.0,1.98,0.165,0.465,0.7380952380952381
6515,200802304,857172,3.08549985408783,17.915,10.555,0.55,0.0,3.5298152714967728,9.905,0.855,0.465,0.0,1.925,0.155,0.33,0.6804123711340206
6520,200966144,857733,5.069999961853028,18.18,10.7,0.605,0.0,3.864646628499031,9.94,0.975,0.545,0.0,1.915,0.075,0.405,0.84375
6525,201129984,858321,3.134750189781189,17.635,10.23,0.535,0.0,3.578705906867981,9.42,0.895,0.525,0.0,1.76,0.135,0.42,0.7567567567567568
6530,201293824,858901,2.0742500686645506,17.65,10.385,0.565,0.0,3.2974560856819153,9.685,0.84,0.655,0.0,1.845,0.1,0.375,0.7894736842105263
6535,201457664,859471,3.0804998159408568,17.62,10.22,0.545,0.0,4.081072092056274,9.31,0.895,0.635,0.0,1.65,0.115,0.455,0.7982456140350878
6540,201621504,860057,1.1022499227523803,17.16,9.9,0.48,0.0,3.8404551446437836,8.925,0.78,0.665,0.0,1.715,0.13,0.355,0.7319587628865979
6545,201785344,860608,3.846249990463257,18.335,10.7,0.55,0.0,3.7096909880638123,9.235,0.83,0.665,0.0,1.94,0.115,0.335,0.7444444444444445
6550,201949184,861175,4.215999946594239,18.1,10.425,0.51,0.0,3.9665050506591797,9.145,0.91,0.53,0.0,1.88,0.115,0.4,0.7766990291262136
6555,202113024,861768,0.5225000524520874,16.81,9.69,0.465,0.0,3.4561863988637924,8.505,0.87,0.65,0.0,1.74,0.08,0.28,0.7777777777777778
6560,202276864,862333,4.377250118255615,17.86,10.32,0.55,0.0,3.5703533738851547,9.03,0.965,0.595,0.0,1.91,0.11,0.4,0.7843137254901961
6565,202440704,862912,1.8095001125335692,17.575,10.085,0.565,0.0,3.549270913004875,9.305,1.01,0.475,0.0,1.85,0.095,0.39,0.8041237113402062
6570,202604544,863493,2.5494999265670777,18.03,10.605,0.595,0.0,3.0606018006801605,9.515,0.915,0.61,0.0,1.955,0.115,0.36,0.7578947368421053
6575,202768384,864068,3.1774997901916504,17.825,10.49,0.55,0.0,3.5628374069929123,9.305,0.915,0.58,0.0,1.845,0.09,0.37,0.8043478260869565
6580,202932224,864670,1.6032499265670777,17.6,10.235,0.59,0.0,3.3866006433963776,9.18,0.99,0.705,0.0,1.79,0.1,0.38,0.7916666666666666
6585,203096064,865250,3.6412497663497927,18.965,11.015,0.645,0.0,3.708566576242447,10.41,1.21,0.76,0.0,1.99,0.105,0.395,0.79
6590,203259904,865863,2.1732499980926514,17.885,10.23,0.585,0.0,3.620908185839653,9.75,1.075,0.59,0.0,1.915,0.08,0.43,0.8431372549019608
6595,203423744,866457,-0.14600006103515625,16.695,9.61,0.49,0.0,3.345880910754204,9.365,0.975,0.545,0.0,1.675,0.07,0.335,0.8271604938271605
6600,203587584,867020,1.2022500610351563,17.79,10.35,0.585,0.0,3.0397899597883224,9.84,0.85,0.635,0.0,1.865,0.145,0.39,0.7289719626168224
6605,203751424,867612,1.5329999494552613,17.61,10.135,0.56,0.0,3.2440935224294662,9.28,0.835,0.715,0.0,1.88,0.145,0.415,0.7410714285714286
6610,203915264,868174,3.637500009536743,18.765,10.955,0.635,0.0,3.213796705007553,9.855,1.025,0.545,0.0,1.905,0.115,0.38,0.7676767676767676
6615,204079104,868747,1.76650004863739,17.625,10.18,0.555,0.0,3.303625240921974,9.55,1.005,0.605,0.0,1.95,0.125,0.355,0.7395833333333334
6620,204242944,869327,2.8612498092651366,17.945,10.41,0.54,0.0,3.97895747423172,9.39,0.93,0.61,0.0,1.865,0.13,0.37,0.74
6625,204406784,869884,1.595999937057495,17.675,10.3,0.58,0.0,3.2458840906620026,9.09,0.895,0.54,0.0,1.785,0.125,0.37,0.7474747474747475
6630,204570624,870451,-0.1519997835159302,16.665,9.51,0.47,0.0,3.582057550549507,8.31,0.865,0.575,0.0,1.785,0.11,0.375,0.7731958762886598
6635,204734464,871033,1.9087500190734863,17.535,10.29,0.505,0.0,3.114429295063019,9.17,0.955,0.735,0.0,1.745,0.12,0.325,0.7303370786516854
6640,204898304,871618,2.4815001630783082,17.64,10.315,0.55,0.0,3.355194717645645,9.43,0.9,0.595,0.0,1.77,0.09,0.3,0.7692307692307693
6645,205062144,872174,3.434499979019165,18.03,10.635,0.55,0.0,3.7040904760360718,9.915,0.965,0.43,0.0,1.745,0.115,0.35,0.7526881720430108
6650,205225984,872736,3.76075026512146,18.275,10.49,0.565,0.0,5.2529476583004,10.145,0.915,0.53,0.0,1.905,0.1,0.385,0.7938144329896907
6655,205389824,873326,1.1437499284744264,17.5,10.025,0.545,0.0,5.273753374814987,9.325,0.98,0.565,0.0,1.965,0.125,0.42,0.7706422018348624
6660,205553664,873910,2.217249755859375,18.015,10.56,0.535,0.0,276.48839950561523,9.945,0.95,0.67,0.0,1.835,0.145,0.39,0.7289719626168224
6665,205717504,874492,3.981500115394592,18.28,10.665,0.58,0.0,4.2232458889484406,9.815,0.735,0.495,0.0,1.925,0.115,0.4,0.7766990291262136
6670,205881344,875065,0.6864998149871826,16.86,9.945,0.47,0.0,3.6707870811223984,8.985,0.85,0.53,0.0,1.65,0.115,0.36,0.7578947368421053
6675,206045184,875640,0.3092497396469116,17.505,10.24,0.545,0.0,3.383672669529915,9.285,0.88,0.67,0.0,1.705,0.14,0.32,0.6956521739130435
6680,206209024,876238,1.6144999027252198,17.375,9.935,0.535,0.0,3.5052360743284225,8.84,1.0,0.665,0.0,1.73,0.165,0.385,0.7
6685,206372864,876789,3.8440000677108763,18.115,10.5,0.55,0.0,3.173846662044525,8.76,0.925,0.79,0.0,1.875,0.115,0.375,0.7653061224489796
6690,206536704,877366,1.2807499694824218,17.555,10.045,0.495,0.0,3.1751257926225662,8.545,0.905,0.69,0.0,1.78,0.14,0.34,0.7083333333333334
6695,206700544,877968,1.410499939918518,16.91,9.58,0.455,0.0,3.64967805147171,8.19,0.99,0.685,0.0,1.77,0.095,0.385,0.8020833333333334
6700,206864384,878580,1.3617499685287475,17.335,9.97,0.525,0.0,3.4821642637252808,8.515,0.81,0.58,0.0,1.86,0.095,0.33,0.7764705882352941
6705,207028224,879160,1.7702498817443848,17.59,10.08,0.57,0.0,3.11538228392601,8.055,0.92,0.605,0.0,1.955,0.135,0.33,0.7096774193548387
6710,207192064,879752,-0.5175001430511474,16.33,9.42,0.465,0.0,3.4426558315753937,7.315,0.77,0.465,0.0,1.775,0.085,0.305,0.782051282051282
6715,207355904,880315,2.225749831199646,18.025,10.445,0.54,0.0,2.9723385721445084,8.675,0.95,0.565,0.0,1.995,0.12,0.35,0.7446808510638298
6720,207519744,880892,3.248749952316284,18.045,10.35,0.585,0.0,3.163210466504097,8.995,1.145,0.8,0.0,1.84,0.14,0.365,0.7227722772277227
6725,207683584,881464,2.7810000228881835,17.82,10.245,0.57,0.0,3.2187294363975525,8.75,0.925,0.495,0.0,1.9,0.11,0.345,0.7582417582417582
6730,207847424,882041,2.706000037193298,17.66,10.315,0.545,0.0,3.6110637336969376,8.395,0.855,0.73,0.0,1.905,0.145,0.38,0.7238095238095238
6735,208011264,882618,1.572249822616577,17.92,10.325,0.575,0.0,3.2490184903144836,8.205,0.92,0.53,0.0,1.93,0.15,0.425,0.7391304347826086
6740,208175104,883202,0.4362499260902405,17.105,9.995,0.525,0.0,3.1093048602342606,8.565,0.945,0.495,0.0,1.68,0.075,0.305,0.8026315789473685
6745,208338944,883792,0.5629999876022339,17.54,10.065,0.545,0.0,2.83963805437088,8.8,1.055,0.66,0.0,1.86,0.135,0.395,0.7452830188679245
6750,208502784,884356,2.5322497606277468,17.52,10.15,0.52,0.0,2.793358087539673,8.71,0.88,0.625,0.0,1.775,0.075,0.34,0.8192771084337349
6755,208666624,884938,3.3195001077651978,17.725,10.355,0.555,0.0,3.28999225795269,9.09,0.905,0.535,0.0,1.915,0.08,0.425,0.8415841584158416
6760,208830464,885524,-0.669250111579895,16.87,9.895,0.505,0.0,2.852176383137703,8.775,0.8,0.52,0.0,1.71,0.1,0.35,0.7777777777777778
6765,208994304,886095,1.372999815940857,17.425,10.18,0.55,0.0,3.0018671303987503,8.945,0.865,0.755,0.0,1.875,0.13,0.36,0.7346938775510204
6770,209158144,886677,1.7864999866485596,17.35,10.0,0.505,0.0,3.107618033885956,9.635,0.895,0.575,0.0,1.695,0.12,0.38,0.76
6775,209321984,887243,0.8930000352859497,17.49,10.19,0.53,0.0,3.336443617939949,9.615,0.905,0.595,0.0,1.83,0.125,0.4,0.7619047619047619
6780,209485824,887782,4.166750025749207,18.01,10.49,0.57,0.0,3.1321396976709366,9.99,1.035,0.555,0.0,1.93,0.075,0.315,0.8076923076923077
6785,209649664,888349,1.9362498474121095,17.905,10.38,0.565,0.0,3.0236859768629074,9.665,1.02,0.765,0.0,1.84,0.12,0.395,0.7669902912621359
6790,209813504,888908,1.3802499866485596,17.37,10.12,0.525,0.0,3.119001790881157,9.535,1.01,0.57,0.0,1.785,0.11,0.37,0.7708333333333334
6795,209977344,889455,1.0045000648498534,17.35,10.01,0.53,0.0,2.7652260810136795,9.72,1.06,0.54,0.0,1.745,0.11,0.385,0.7777777777777778
6800,210141184,890006,1.9962498831748963,17.32,10.055,0.56,0.0,2.8175477534532547,9.505,0.895,0.755,0.0,1.755,0.1,0.31,0.7560975609756098
6805,210305024,890565,3.4030001068115237,18.17,10.445,0.575,0.0,2.8866927474737167,9.995,1.03,0.635,0.0,1.93,0.11,0.395,0.7821782178217822
6810,210468864,891095,2.6152499675750733,17.855,10.33,0.575,0.0,3.202191859483719,9.885,1.08,0.705,0.0,1.875,0.13,0.36,0.7346938775510204
6815,210632704,891659,1.4075001430511476,17.455,9.905,0.545,0.0,3.4194119423627853,9.25,0.99,0.465,0.0,1.92,0.095,0.345,0.7840909090909091
6820,210796544,892206,6.2872501516342165,18.495,10.98,0.585,0.0,3.7288137078285217,10.51,1.135,0.545,0.0,1.78,0.115,0.355,0.7553191489361702
6825,210960384,892772,2.3884999799728392,17.84,10.265,0.54,0.0,3.8495775014162064,9.84,1.105,0.535,0.0,1.985,0.135,0.375,0.7352941176470589
6830,211124224,893337,4.286750001907349,17.81,10.47,0.49,0.0,4.097029492259026,9.8,1.11,0.7,0.0,1.835,0.175,0.345,0.6634615384615384
6835,211288064,893935,2.099750142097473,17.315,9.92,0.53,0.0,4.0569237023591995,9.07,1.08,0.54,0.0,1.735,0.12,0.39,0.7647058823529411
6840,211451904,894562,-0.1420000171661377,16.695,9.675,0.51,0.0,3.3356282263994217,8.89,0.95,0.46,0.0,1.645,0.08,0.355,0.8160919540229885
6845,211615744,895144,2.4424997091293337,17.3,9.925,0.565,0.0,3.6014745980501175,9.105,0.92,0.495,0.0,1.785,0.14,0.365,0.7227722772277227
6850,211779584,895722,1.2994998407363891,17.435,10.21,0.515,0.0,2.9348993748426437,9.49,0.94,0.525,0.0,1.625,0.125,0.375,0.75
6855,211943424,896295,1.7897500205039978,17.435,10.135,0.53,0.0,3.7655204981565475,9.445,0.855,0.475,0.0,1.855,0.11,0.37,0.7708333333333334
6860,212107264,896867,0.16600012063980102,16.65,9.715,0.52,0.0,3.1022985726594925,9.005,0.73,0.48,0.0,1.615,0.11,0.325,0.7471264367816092
6865,212271104,897442,1.1637500715255737,17.515,10.05,0.495,0.0,3.166494607925415,9.925,0.945,0.725,0.0,1.71,0.105,0.41,0.7961165048543689
6870,212434944,898016,3.1062498235702516,18.07,10.565,0.59,0.0,2.8640726506710052,10.12,0.93,0.705,0.0,1.805,0.08,0.4,0.8333333333333334
6875,212598784,898581,2.7475001001358033,18.195,10.545,0.59,0.0,3.255039557814598,10.48,0.91,0.41,0.0,1.95,0.08,0.28,0.7777777777777778
6880,212762624,899138,3.1309998416900635,18.195,10.62,0.6,0.0,2.7768691182136536,10.645,0.905,0.65,0.0,1.94,0.065,0.36,0.8470588235294118
6885,212926464,899695,4.035499849319458,18.83,11.025,0.62,0.0,3.2487118542194366,11.66,1.0,0.615,0.0,1.905,0.145,0.375,0.7211538461538461
6890,213090304,900291,0.7310001373291015,16.745,9.8,0.53,0.0,3.085155487060547,10.225,0.915,0.385,0.0,1.605,0.085,0.335,0.7976190476190477
6895,213254144,900868,2.4759998607635496,17.495,10.145,0.56,0.0,3.2955583930015564,10.82,1.05,0.525,0.0,1.805,0.17,0.28,0.6222222222222222
6900,213417984,901419,4.258000111579895,18.32,10.665,0.57,0.0,3.130985513329506,11.01,0.885,0.77,0.0,1.965,0.125,0.39,0.7572815533980582
6905,213581824,901999,1.8285000562667846,17.715,10.195,0.59,0.0,3.5381098687648773,10.35,1.0,0.395,0.0,1.91,0.125,0.37,0.7474747474747475
6910,213745664,902573,0.875,17.13,10.19,0.545,0.0,3.2501530051231384,10.25,1.03,0.535,0.0,1.67,0.055,0.355,0.8658536585365854
6915,213909504,903162,1.6779999732971191,17.69,10.285,0.585,0.0,3.012031763792038,10.2,1.03,0.5,0.0,1.79,0.145,0.275,0.6547619047619048
6920,214073344,903735,0.706500015258789,17.4,9.94,0.505,0.0,2.9513247162103653,10.11,1.085,0.635,0.0,1.755,0.08,0.385,0.8279569892473119
6925,214237184,904322,1.7157496881484986,18.125,10.455,0.59,0.0,2.4403500109910965,10.635,0.99,0.585,0.0,1.955,0.095,0.315,0.7682926829268293
6930,214401024,904869,1.7685001039505004,17.67,10.04,0.565,0.0,2.878905937075615,10.1,0.97,0.71,0.0,1.8,0.085,0.38,0.8172043010752689
6935,214564864,905429,4.380250010490418,18.265,10.605,0.605,0.0,2.6459202468395233,10.705,1.0,0.71,0.0,1.865,0.125,0.39,0.7572815533980582
6940,214728704,906011,2.924000129699707,17.915,10.37,0.615,0.0,2.8601451218128204,10.9,0.88,0.55,0.0,1.88,0.13,0.315,0.7078651685393258
6945,214892544,906589,2.1667503452301027,17.785,10.235,0.58,0.0,2.9495408087968826,10.785,0.935,0.595,0.0,1.865,0.115,0.375,0.7653061224489796
6950,215056384,907154,2.8017499017715455,17.695,10.395,0.59,0.0,3.2979808300733566,10.69,0.885,0.58,0.0,1.845,0.125,0.34,0.7311827956989247
6955,215220224,907708,3.998749837875366,18.465,10.765,0.58,0.0,3.026977851986885,10.78,1.005,0.605,0.0,1.92,0.085,0.37,0.8131868131868132
6960,215384064,908254,4.539749984741211,18.595,10.935,0.6,0.0,3.5063591301441193,10.76,0.79,0.635,0.0,1.89,0.115,0.355,0.7553191489361702
6965,215547904,908812,3.623499941825867,18.13,10.675,0.565,0.0,3.500643953680992,10.35,0.82,0.495,0.0,1.795,0.11,0.29,0.725
6970,215711744,909357,2.143499827384949,17.865,10.215,0.55,0.0,3.526573210954666,10.005,0.86,0.74,0.0,1.84,0.125,0.335,0.7282608695652174
6975,215875584,909900,4.4852499628067015,18.29,10.665,0.59,0.0,3.4587801694869995,10.35,0.835,0.67,0.0,1.85,0.08,0.27,0.7714285714285715
6980,216039424,910436,5.320749959945679,19.08,11.01,0.595,0.0,3.971524655818939,10.595,0.755,0.68,0.0,2.185,0.15,0.415,0.7345132743362832
6985,216203264,910977,3.8062500047683714,18.295,10.4,0.585,0.0,3.422108694911003,10.055,0.88,0.62,0.0,2.035,0.1,0.405,0.801980198019802
6990,216367104,911520,3.241999640464783,18.405,10.765,0.6,0.0,3.6155558675527573,10.68,1.05,0.705,0.0,1.865,0.14,0.405,0.7431192660550459
6995,216530944,912051,6.326999557614326,19.25,11.075,0.67,0.0,3.5348130762577057,11.015,1.08,0.565,0.0,2.115,0.085,0.375,0.8152173913043478
7000,216694784,912618,2.655500078201294,17.515,10.27,0.53,0.0,3.3100380897521973,10.01,0.87,0.5,0.0,1.74,0.165,0.355,0.6826923076923077
7005,216858624,913169,2.5414999198913573,17.74,10.33,0.54,0.0,3.9462046921253204,9.73,0.825,0.61,0.0,1.735,0.145,0.365,0.7156862745098039
7010,217022464,913700,6.680999822616577,19.555,11.195,0.635,0.0,3.9937395602464676,11.005,0.99,0.75,0.0,2.055,0.16,0.425,0.7264957264957265
7015,217186304,914260,3.775749850273132,18.61,11.045,0.625,0.0,3.872833251953125,10.865,0.98,0.495,0.0,1.97,0.135,0.32,0.7032967032967034
7020,217350144,914829,3.4927499103546142,18.115,10.77,0.62,0.0,3.4628271013498306,10.325,0.93,0.68,0.0,1.78,0.125,0.375,0.75
7025,217513984,915374,2.5557498121261597,18.23,10.405,0.61,0.0,3.518009975552559,10.08,0.98,0.7,0.0,2.0,0.14,0.45,0.7627118644067796
7030,217677824,915923,4.573250021934509,18.065,10.57,0.62,0.0,3.426533982157707,10.04,1.015,0.6,0.0,1.82,0.095,0.345,0.7840909090909091
7035,217841664,916457,4.187999701499939,18.69,10.88,0.57,0.0,3.294395849108696,10.3,1.07,0.615,0.0,2.02,0.12,0.315,0.7241379310344828
7040,218005504,917008,3.567499794960022,17.935,10.495,0.54,0.0,3.777232378721237,9.93,1.265,0.59,0.0,1.755,0.065,0.395,0.8586956521739131
7045,218169344,917557,3.0587502002716063,18.09,10.475,0.575,0.0,3.5595068633556366,10.005,1.095,0.62,0.0,1.835,0.145,0.36,0.7128712871287128
7050,218333184,918118,3.2962498235702515,17.735,10.405,0.56,0.0,3.2508407682180405,9.565,0.905,0.44,0.0,1.79,0.11,0.305,0.7349397590361446
7055,218497024,918675,1.1227499055862427,17.245,10.06,0.56,0.0,2.7956073880195618,9.295,0.835,0.605,0.0,1.785,0.135,0.27,0.6666666666666666
7060,218660864,919217,4.797999997138977,18.69,10.68,0.585,0.0,2.8804941922426224,10.33,1.06,0.73,0.0,1.985,0.115,0.47,0.8034188034188035
7065,218824704,919782,0.2967501163482666,16.76,9.66,0.49,0.0,3.193126305937767,8.995,0.765,0.505,0.0,1.635,0.11,0.435,0.7981651376146789
7070,218988544,920326,0.20575010299682617,17.08,9.78,0.5,0.0,3.4348809123039246,9.11,0.85,0.595,0.0,1.755,0.1,0.325,0.7647058823529411
7075,219152384,920891,3.8887499284744265,17.93,10.495,0.595,0.0,3.5450238436460495,9.655,0.925,0.53,0.0,1.81,0.065,0.35,0.8433734939759037
7080,219316224,921465,1.6732499742507934,17.62,10.22,0.51,0.0,3.5082637071609497,9.59,0.88,0.545,0.0,1.69,0.135,0.37,0.7326732673267327
7085,219480064,922022,4.155250120162964,18.175,10.49,0.615,0.0,3.0895275473594666,9.94,0.955,0.555,0.0,1.92,0.095,0.43,0.819047619047619
7090,219643904,922567,1.9557498645782472,17.57,10.205,0.58,0.0,3.1324370354413986,9.735,0.765,0.63,0.0,1.76,0.09,0.415,0.8217821782178217
7095,219807744,923125,2.750749969482422,17.575,10.075,0.505,0.0,3.7115241289138794,9.525,0.93,0.32,0.0,1.875,0.14,0.3,0.6818181818181818
7100,219971584,923680,3.8397500324249267,17.845,10.315,0.545,0.0,3.7502236664295197,9.435,0.96,0.53,0.0,1.87,0.08,0.385,0.8279569892473119
7105,220135424,924221,2.2442498445510863,17.63,10.35,0.53,0.0,3.2061720341444016,9.71,1.025,0.795,0.0,1.74,0.115,0.385,0.77
7110,220299264,924771,3.2392500019073487,17.73,10.485,0.495,0.0,3.2401926666498184,9.57,1.005,0.765,0.0,1.69,0.095,0.355,0.7888888888888889
7115,220463104,925319,2.848999848365784,18.025,10.43,0.54,0.0,3.2363078594207764,9.445,0.87,0.47,0.0,1.96,0.095,0.37,0.7956989247311828
7120,220626944,925856,4.264000020027161,18.005,10.69,0.56,0.0,3.6100882440805435,9.49,1.105,0.48,0.0,1.8,0.115,0.395,0.7745098039215687
7125,220790784,926389,4.160750122070312,18.48,10.81,0.62,0.0,3.055987060070038,10.17,1.185,0.615,0.0,1.92,0.155,0.35,0.693069306930693
7130,220954624,926937,2.6355001640319826,17.89,10.33,0.585,0.0,3.308518275618553,9.705,1.145,0.485,0.0,1.855,0.145,0.38,0.7238095238095238
7135,221118464,927464,4.2337500190734865,18.46,10.755,0.57,0.0,3.5878933370113373,9.835,1.04,0.795,0.0,1.93,0.145,0.27,0.6506024096385542
7140,221282304,928019,2.562249743938446,18.06,10.38,0.57,0.0,3.666818007826805,9.335,0.955,0.525,0.0,1.92,0.165,0.385,0.7
7145,221446144,928566,5.323750004768372,18.865,11.07,0.615,0.0,3.858550503849983,10.195,1.165,0.705,0.0,1.94,0.085,0.32,0.7901234567901234
7150,221609984,929122,4.4307499647140505,18.44,10.815,0.57,0.0,3.37174691259861,9.285,0.845,0.525,0.0,1.96,0.09,0.405,0.8181818181818182
7155,221773824,929690,0.22150005340576173,16.83,9.97,0.47,0.0,3.350106120109558,8.715,0.855,0.735,0.0,1.66,0.07,0.43,0.86
7160,221937664,930236,2.13224995136261,17.77,10.28,0.58,0.0,3.0471149384975433,9.185,0.985,0.445,0.0,1.805,0.115,0.35,0.7526881720430108
7165,222101504,930810,2.987249884605408,18.005,10.47,0.55,0.0,3.27324740588665,8.925,0.855,0.7,0.0,1.825,0.09,0.435,0.8285714285714286
7170,222265344,931347,3.082249975204468,18.115,10.39,0.61,0.0,2.952948436141014,9.01,0.98,0.61,0.0,1.945,0.11,0.445,0.8018018018018018
7175,222429184,931902,2.6769999647140503,18.015,10.61,0.53,0.0,3.1592815965414047,8.805,0.9,0.76,0.0,1.81,0.07,0.425,0.8585858585858586
7180,222593024,932457,1.806749973297119,18.11,10.53,0.57,0.0,3.005052015185356,8.595,1.02,0.675,0.0,1.9,0.085,0.365,0.8111111111111111
7185,222756864,932999,3.9097498750686643,18.715,10.99,0.62,0.0,2.807216137647629,9.165,0.885,0.63,0.0,1.99,0.125,0.345,0.7340425531914894
7190,222920704,933547,3.158499712944031,18.13,10.57,0.58,0.0,3.229847490787506,8.515,0.785,0.705,0.0,1.795,0.095,0.405,0.81
7195,223084544,934105,1.9722500085830688,17.6,10.21,0.515,0.0,3.1904508769512177,8.655,0.945,0.505,0.0,1.665,0.11,0.395,0.7821782178217822
7200,223248384,934653,3.9132499837875367,18.095,10.555,0.605,0.0,3.0463097542524338,8.86,0.775,0.83,0.0,1.855,0.09,0.465,0.8378378378378378
7205,223412224,935201,4.0014998769760135,17.66,10.34,0.575,0.0,3.29493448138237,8.51,0.845,0.41,0.0,1.84,0.125,0.345,0.7340425531914894
7210,223576064,935750,2.3822498989105223,18.28,10.525,0.615,0.0,3.3195539861917496,8.795,1.115,0.57,0.0,1.935,0.11,0.405,0.7864077669902912
7215,223739904,936301,2.7829999685287476,18.19,10.495,0.61,0.0,3.274383619427681,8.94,0.95,0.585,0.0,1.855,0.075,0.36,0.8275862068965517
7220,223903744,936856,3.354250054359436,17.515,10.2,0.525,0.0,3.5454575270414352,8.485,0.97,0.49,0.0,1.77,0.095,0.365,0.7934782608695652
7225,224067584,937391,5.837249851226806,19.285,11.08,0.645,0.0,3.4418714940547943,9.305,0.96,0.705,0.0,2.055,0.13,0.365,0.7373737373737373
7230,224231424,937927,1.704249792098999,17.435,10.07,0.49,0.0,3.287422865629196,8.33,0.955,0.445,0.0,1.785,0.135,0.415,0.7545454545454545
7235,224395264,938452,3.9007499504089354,17.92,10.565,0.555,0.0,3.628666713833809,9.03,1.055,0.595,0.0,1.93,0.095,0.38,0.8
7240,224559104,938992,3.633750014305115,18.275,10.71,0.63,0.0,3.4310538917779922,8.915,0.985,0.53,0.0,1.885,0.14,0.395,0.7383177570093458
7245,224722944,939526,2.7677500104904174,17.92,10.335,0.575,0.0,3.709448978304863,8.935,1.18,0.48,0.0,1.82,0.11,0.405,0.7864077669902912
7250,224886784,940058,0.8892500686645508,17.605,9.96,0.54,0.0,3.1423707008361816,8.94,1.2,0.625,0.0,1.875,0.195,0.385,0.6637931034482759
7255,225050624,940586,4.8792500400543215,18.355,10.765,0.585,0.0,3.246214881539345,9.635,1.035,0.68,0.0,1.9,0.105,0.33,0.7586206896551724
7260,225214464,941106,5.119999897480011,18.795,11.0,0.6,0.0,4.0105225294828415,9.33,0.915,0.67,0.0,1.965,0.13,0.375,0.7425742574257426
7265,225378304,941640,2.804999837875366,18.16,10.35,0.595,0.0,3.232229843735695,8.945,1.04,0.73,0.0,1.965,0.115,0.38,0.7676767676767676
7270,225542144,942173,5.692749857902527,18.97,11.035,0.59,0.0,3.460232213139534,9.64,1.02,0.645,0.0,2.01,0.085,0.345,0.8023255813953488
7275,225705984,942728,2.9959999990463255,17.64,10.295,0.53,0.0,3.2409694641828537,9.19,1.025,0.555,0.0,1.855,0.105,0.38,0.7835051546391752
7280,225869824,943251,6.238249912261963,18.865,10.99,0.59,0.0,4.326043367385864,9.255,0.86,0.59,0.0,2.035,0.125,0.35,0.7368421052631579
7285,226033664,943792,5.359249963760376,19.085,11.29,0.615,0.0,3.8695971965789795,9.79,0.915,0.52,0.0,2.035,0.055,0.315,0.8513513513513513
7290,226197504,944357,2.042249894142151,17.695,10.275,0.57,0.0,3.237579196691513,9.24,1.03,0.605,0.0,1.835,0.125,0.405,0.7641509433962265
7295,226361344,944901,4.522499923706055,18.57,10.935,0.585,0.0,3.451650768518448,9.62,0.955,0.655,0.0,1.885,0.165,0.35,0.6796116504854369
7300,226525184,945469,3.257999982833862,17.5,10.355,0.545,0.0,3.778620883822441,9.38,1.015,0.725,0.0,1.77,0.065,0.365,0.8488372093023255
7305,226689024,946011,2.5194999599456787,17.82,10.32,0.55,0.0,3.3800805807113647,9.74,0.95,0.555,0.0,1.78,0.17,0.385,0.6936936936936937
7310,226852864,946574,2.3122499275207518,17.935,10.43,0.605,0.0,2.981727108359337,9.56,0.86,0.625,0.0,1.83,0.11,0.48,0.8135593220338984
7315,227016704,947102,5.835500040054321,19.13,11.35,0.635,0.0,3.949610188603401,10.43,1.075,0.81,0.0,1.98,0.12,0.375,0.7575757575757576
7320,227180544,947646,5.835999932289123,18.475,10.81,0.57,0.0,3.800503298640251,10.43,1.145,0.675,0.0,1.89,0.075,0.395,0.8404255319148937
7325,227344384,948191,2.9220000600814817,17.695,10.405,0.59,0.0,4.077966019511223,10.065,1.095,0.84,0.0,1.79,0.08,0.36,0.8181818181818182
7330,227508224,948725,2.531999959945679,17.55,10.23,0.54,0.0,3.422621861100197,10.055,0.865,0.66,0.0,1.81,0.065,0.45,0.8737864077669902
7335,227672064,949264,3.2234996604919433,18.225,10.47,0.565,0.0,3.051768481731415,10.305,0.995,0.4,0.0,1.98,0.105,0.345,0.7666666666666667
7340,227835904,949792,3.0067499446868897,18.155,10.65,0.62,0.0,3.0445778220891953,10.27,1.14,0.655,0.0,1.855,0.12,0.375,0.7575757575757576
7345,227999744,950342,6.66525016784668,19.24,11.2,0.605,0.0,3.659996658563614,10.66,1.0,0.67,0.0,2.125,0.105,0.415,0.7980769230769231
7350,228163584,950884,4.624250082969666,18.365,10.815,0.565,0.0,3.315793141722679,10.455,0.97,0.74,0.0,1.72,0.185,0.405,0.6864406779661016
7355,228327424,951431,3.0270000076293946,17.8,10.555,0.54,0.0,3.795445993542671,10.535,0.845,0.5,0.0,1.875,0.115,0.315,0.7325581395348837
7360,228491264,951986,3.6592499732971193,18.21,10.57,0.59,0.0,2.9326490312814713,10.19,1.075,0.585,0.0,1.94,0.115,0.34,0.7472527472527473
7365,228655104,952547,3.697250027656555,18.635,10.77,0.62,0.0,2.8776807636022568,10.4,1.13,0.59,0.0,2.005,0.13,0.335,0.7204301075268817
7370,228818944,953130,2.7340000534057616,17.865,10.31,0.545,0.0,3.1329658031463623,10.055,1.04,0.445,0.0,1.925,0.11,0.415,0.7904761904761904
7375,228982784,953674,3.4957499599456785,18.125,10.535,0.56,0.0,3.2198641151189804,10.16,0.965,0.455,0.0,1.925,0.11,0.4,0.7843137254901961
7380,229146624,954252,1.781500039100647,16.87,10.02,0.49,0.0,4.193410336971283,9.295,0.955,0.49,0.0,1.615,0.065,0.39,0.8571428571428571
7385,229310464,954821,2.4284999227523802,18.45,10.8,0.585,0.0,3.898145243525505,9.835,0.96,0.595,0.0,1.91,0.095,0.415,0.8137254901960784
7390,229474304,955394,3.9857501935958863,18.295,10.65,0.59,0.0,3.685460940003395,10.12,1.055,0.725,0.0,1.825,0.065,0.44,0.8712871287128713
7395,229638144,955958,1.761000018119812,17.725,10.415,0.585,0.0,3.2467742413282394,10.025,1.18,0.665,0.0,1.77,0.05,0.415,0.8924731182795699
7400,229801984,956516,4.685250301361084,18.3,10.555,0.54,0.0,3.5217417925596237,10.19,0.94,0.615,0.0,1.885,0.14,0.355,0.7171717171717171
7405,229965824,957089,2.3010001516342165,17.86,10.33,0.565,0.0,2.9592989832162857,9.775,0.96,0.89,0.0,1.77,0.1,0.385,0.7938144329896907
7410,230129664,957629,5.889749946594239,18.475,10.925,0.585,0.0,3.103020817041397,10.3,0.935,0.545,0.0,1.925,0.1,0.4,0.8
7415,230293504,958180,2.9932500314712525,17.82,10.27,0.555,0.0,3.343796595931053,9.905,0.92,0.58,0.0,1.885,0.1,0.485,0.8290598290598291
7420,230457344,958738,3.6694999980926513,18.23,10.59,0.565,0.0,4.018577694892883,10.41,0.97,0.475,0.0,1.97,0.1,0.34,0.7727272727272727
7425,230621184,959311,2.8315000486373902,18.295,10.605,0.605,0.0,4.129520654678345,10.33,1.015,0.6,0.0,1.95,0.075,0.41,0.845360824742268
7430,230785024,959887,2.042249755859375,17.865,10.68,0.55,0.0,3.7800654023885727,9.915,0.87,0.43,0.0,1.805,0.12,0.365,0.7525773195876289
7435,230948864,960428,4.084250111579895,18.5,10.8,0.585,0.0,3.7772158831357956,10.215,1.03,0.545,0.0,1.89,0.08,0.415,0.8383838383838383
7440,231112704,960987,4.459500122070312,18.615,10.71,0.59,0.0,3.176004245877266,10.275,1.04,0.57,0.0,1.96,0.105,0.385,0.7857142857142857
7445,231276544,961553,3.530500011444092,18.46,10.705,0.585,0.0,3.262571260333061,10.33,1.19,0.625,0.0,1.845,0.1,0.41,0.803921568627451
7450,231440384,962097,3.2822499465942383,18.34,10.73,0.585,0.0,3.372851699590683,9.945,1.01,0.615,0.0,1.92,0.05,0.415,0.8924731182795699
7455,231604224,962659,5.099499793052673,18.835,10.895,0.545,0.0,3.6246385127305984,10.275,1.02,0.615,0.0,2.025,0.11,0.38,0.7755102040816326
7460,231768064,963210,4.687999777793884,18.54,10.565,0.595,0.0,3.6821117848157883,9.65,0.945,0.525,0.0,2.0,0.14,0.485,0.776
7465,231931904,963738,4.4067499494552616,18.91,10.975,0.6,0.0,3.57425357401371,9.475,0.89,0.605,0.0,1.92,0.095,0.385,0.8020833333333334
7470,232095744,964289,3.2892500591278075,17.92,10.615,0.575,0.0,3.548497572541237,9.41,0.98,0.62,0.0,1.8,0.1,0.345,0.7752808988764045
7475,232259584,964826,5.491749939918518,18.925,10.955,0.58,0.0,3.524992659687996,10.275,1.195,0.52,0.0,2.03,0.14,0.4,0.7407407407407407
7480,232423424,965389,4.90775016784668,18.6,10.84,0.56,0.0,4.4079029113054276,9.715,1.065,0.555,0.0,1.915,0.065,0.42,0.865979381443299
7485,232587264,965942,5.548250150680542,19.055,10.86,0.56,0.0,4.0939392149448395,9.83,1.075,0.695,0.0,2.135,0.095,0.365,0.7934782608695652
7490,232751104,966497,5.736249923706055,19.02,11.13,0.64,0.0,3.902724951505661,9.755,1.17,0.63,0.0,1.86,0.1,0.405,0.801980198019802
7495,232914944,967051,4.969500150680542,18.635,10.68,0.57,0.0,3.650287836790085,9.51,1.21,0.74,0.0,2.06,0.095,0.37,0.7956989247311828
7500,233078784,967608,6.419749875068664,18.69,11.04,0.58,0.0,4.268778413534164,10.13,1.24,0.7,0.0,1.945,0.12,0.335,0.7362637362637363
7505,233242624,968176,3.891499695777893,18.205,10.71,0.575,0.0,3.6240188032388687,10.015,1.02,0.58,0.0,1.855,0.11,0.425,0.794392523364486
7510,233406464,968729,3.0835001039505006,18.29,10.695,0.58,0.0,3.6885379403829575,10.12,1.015,0.73,0.0,1.835,0.08,0.495,0.8608695652173913
7515,233570304,969271,4.057249960899353,18.81,10.75,0.585,0.0,3.522754743695259,10.495,1.105,0.795,0.0,1.955,0.11,0.475,0.811965811965812
7520,233734144,969811,3.201749849319458,17.895,10.44,0.525,0.0,4.082256928086281,10.05,1.11,0.555,0.0,1.815,0.105,0.315,0.75
7525,233897984,970352,5.30625009059906,19.15,11.2,0.62,0.0,3.591323211789131,10.46,1.09,0.8,0.0,1.985,0.075,0.435,0.8529411764705882
7530,234061824,970903,3.696249833106995,18.38,10.755,0.61,0.0,4.102143660187721,10.22,1.185,0.655,0.0,1.93,0.105,0.38,0.7835051546391752
7535,234225664,971466,3.1297497844696043,18.495,10.585,0.575,0.0,3.7208315581083298,9.825,1.025,0.51,0.0,2.015,0.15,0.385,0.719626168224299
7540,234389504,972002,2.531500082015991,17.755,10.46,0.565,0.0,3.722970500588417,9.995,0.82,0.57,0.0,1.88,0.115,0.335,0.7444444444444445
7545,234553344,972541,3.433499960899353,18.7,10.94,0.585,0.0,3.191557452082634,10.56,0.905,0.64,0.0,1.86,0.11,0.425,0.794392523364486
7550,234717184,973088,5.5997499656677245,19.26,11.115,0.615,0.0,3.6876411139965057,10.94,1.01,0.59,0.0,2.175,0.13,0.455,0.7777777777777778
7555,234881024,973644,3.4917500162124635,18.05,10.425,0.55,0.0,3.069368436932564,10.285,0.775,0.73,0.0,1.99,0.115,0.405,0.7788461538461539
7560,235044864,974192,3.9230000877380373,18.185,10.845,0.615,0.0,4.19736984372139,10.55,0.895,0.485,0.0,1.86,0.12,0.36,0.75
7565,235208704,974741,4.128499808311463,18.63,10.81,0.565,0.0,3.537850961089134,10.205,0.98,0.485,0.0,1.97,0.11,0.425,0.794392523364486
7570,235372544,975281,7.5397501468658445,19.29,11.29,0.635,0.0,4.165688514709473,10.45,0.995,0.765,0.0,2.04,0.09,0.38,0.8085106382978723
7575,235536384,975825,4.294500117301941,18.64,10.9,0.59,0.0,3.566536992788315,10.255,0.99,0.625,0.0,1.955,0.095,0.385,0.8020833333333334
7580,235700224,976391,3.448749933242798,17.995,10.505,0.53,0.0,3.8552860766649246,9.79,0.9,0.71,0.0,1.955,0.09,0.39,0.8125
7585,235864064,976956,1.6772498464584351,17.015,9.94,0.495,0.0,3.743910402059555,9.215,0.84,0.39,0.0,1.73,0.065,0.4,0.8602150537634409
7590,236027904,977498,3.607499876022339,18.465,10.75,0.6,0.0,3.2237832099199295,9.81,1.055,0.65,0.0,1.98,0.125,0.46,0.7863247863247863
7595,236191744,978069,1.491750054359436,16.995,9.815,0.53,0.0,3.781225249171257,9.245,0.72,0.5,0.0,1.77,0.13,0.435,0.7699115044247787
7600,236355584,978635,2.289250054359436,18.1,10.595,0.58,0.0,2.9792696237564087,10.215,0.755,0.545,0.0,1.9,0.075,0.44,0.8543689320388349
7605,236519424,979190,1.1922500896453858,17.72,10.25,0.555,0.0,2.9948835223913193,10.035,0.775,0.69,0.0,1.915,0.105,0.35,0.7692307692307693
7610,236683264,979769,1.4550000953674316,17.64,10.09,0.555,0.0,2.4162640124559402,9.785,0.755,0.47,0.0,1.85,0.09,0.385,0.8105263157894737
7615,236847104,980343,1.8814998960494995,17.875,10.385,0.525,0.0,2.4399555325508118,9.705,0.77,0.57,0.0,1.88,0.1,0.35,0.7777777777777778
7620,237010944,980926,0.5839999198913575,17.36,10.025,0.56,0.0,2.894566610455513,9.625,0.88,0.44,0.0,1.835,0.12,0.33,0.7333333333333333
7625,237174784,981463,4.06500011920929,18.57,10.62,0.565,0.0,2.8981116861104965,9.615,0.735,0.525,0.0,2.09,0.085,0.34,0.8
7630,237338624,982031,2.4542501735687257,18.675,10.695,0.55,0.0,3.305703893303871,9.67,0.75,0.52,0.0,2.07,0.13,0.46,0.7796610169491526
7635,237502464,982587,1.4750000762939453,17.615,10.245,0.575,0.0,3.2489098459482193,9.325,0.69,0.485,0.0,1.905,0.09,0.415,0.8217821782178217
7640,237666304,983132,4.212500076293946,18.46,10.79,0.595,0.0,3.3734041154384613,9.775,0.81,0.79,0.0,1.855,0.13,0.43,0.7678571428571429
7645,237830144,983683,2.7974997758865356,18.03,10.41,0.565,0.0,3.4317616671323776,9.26,0.775,0.6,0.0,1.92,0.135,0.33,0.7096774193548387
7650,237993984,984243,3.891999912261963,18.975,11.07,0.64,0.0,3.1681272089481354,9.96,0.795,0.515,0.0,2.09,0.065,0.365,0.8488372093023255
7655,238157824,984778,3.748499884605408,18.11,10.545,0.585,0.0,2.736889809370041,9.595,0.805,0.68,0.0,1.965,0.115,0.395,0.7745098039215687
7660,238321664,985328,4.843750023841858,19.045,10.97,0.595,0.0,2.9076834321022034,10.23,0.715,0.905,0.0,2.045,0.105,0.47,0.8173913043478261
7665,238485504,985886,4.541749873161316,18.52,10.775,0.615,0.0,3.2197219878435135,10.04,0.88,0.775,0.0,1.845,0.065,0.395,0.8586956521739131
7670,238649344,986455,2.760999879837036,17.68,10.275,0.545,0.0,3.2737272679805756,9.65,0.88,0.445,0.0,1.775,0.125,0.43,0.7747747747747747
7675,238813184,987017,5.173249979019165,18.725,10.95,0.63,0.0,3.8847834765911102,10.26,0.9,0.7,0.0,2.0,0.09,0.42,0.8235294117647058
7680,238977024,987571,4.246249814033508,18.89,10.795,0.575,0.0,3.5997398644685745,10.17,1.005,0.6,0.0,1.955,0.105,0.38,0.7835051546391752
7685,239140864,988129,4.06824987411499,18.675,11.06,0.64,0.0,3.388922780752182,9.935,0.985,0.755,0.0,1.88,0.1,0.43,0.8113207547169812
7690,239304704,988684,4.669250140190124,18.825,11.075,0.65,0.0,3.676383316516876,9.77,0.835,0.63,0.0,1.965,0.145,0.33,0.6947368421052632
7695,239468544,989236,5.345000076293945,18.9,11.0,0.6,0.0,3.6127988398075104,9.955,0.865,0.765,0.0,2.165,0.09,0.36,0.8
7700,239632384,989798,2.0642499351501464,17.75,10.375,0.59,0.0,3.215900093317032,9.135,0.8,0.605,0.0,1.84,0.065,0.38,0.8539325842696629
7705,239796224,990364,3.4544997644424438,18.535,10.88,0.625,0.0,3.1005702018737793,9.45,0.765,0.67,0.0,1.855,0.115,0.29,0.7160493827160493
7710,239960064,990926,1.4242499303817748,17.855,10.345,0.615,0.0,2.767425835132599,8.985,0.91,0.805,0.0,1.82,0.16,0.335,0.6767676767676768
7715,240123904,991467,4.971250166893006,18.64,10.8,0.625,0.0,2.9897048324346542,9.725,0.875,0.585,0.0,1.965,0.11,0.435,0.7981651376146789
7720,240287744,992013,6.290750055313111,19.3,11.335,0.65,0.0,3.789732202887535,10.485,0.91,0.62,0.0,2.04,0.1,0.38,0.7916666666666666
7725,240451584,992543,8.62199999332428,20.475,12.04,0.695,0.0,3.4681351482868195,11.47,0.96,0.685,0.0,2.305,0.135,0.405,0.75
7730,240615424,993083,5.83524974822998,19.19,11.345,0.61,0.0,3.5635745227336884,10.285,1.095,0.715,0.0,2.005,0.14,0.425,0.7522123893805309
7735,240779264,993614,7.572000193595886,19.745,11.65,0.685,0.0,3.2689317762851715,10.66,1.025,0.655,0.0,2.045,0.115,0.365,0.7604166666666666
7740,240943104,994137,5.954249906539917,19.105,10.955,0.595,0.0,3.5275847017765045,10.5,1.165,0.67,0.0,2.055,0.145,0.415,0.7410714285714286
7745,241106944,994665,6.697500109672546,19.78,11.565,0.67,0.0,2.89779694378376,10.745,1.165,0.855,0.0,2.06,0.115,0.415,0.7830188679245284
7750,241270784,995185,3.5332499170303344,18.165,10.6,0.62,0.0,3.6048663854599,10.175,0.92,0.61,0.0,1.79,0.135,0.395,0.7452830188679245
7755,241434624,995730,3.537000045776367,18.755,10.835,0.65,0.0,3.4381356239318848,10.505,0.925,0.52,0.0,2.075,0.085,0.355,0.8068181818181818
7760,241598464,996282,5.654749927520752,18.355,10.68,0.565,0.0,4.007461190223694,10.34,0.945,0.74,0.0,1.995,0.115,0.435,0.7909090909090909
7765,241762304,996814,4.806749782562256,18.93,11.075,0.6,0.0,3.6737335175275803,10.655,0.955,0.5,0.0,1.995,0.085,0.415,0.83
7770,241926144,997368,5.981249918937683,19.11,11.07,0.675,0.0,4.223617911338806,10.94,1.0,0.89,0.0,2.06,0.125,0.39,0.7572815533980582
7775,242089984,997894,3.9172498273849485,18.56,10.87,0.57,0.0,3.8928134441375732,10.875,1.07,0.84,0.0,1.9,0.12,0.355,0.7473684210526316
7780,242253824,998437,6.003749723434448,19.375,11.42,0.66,0.0,3.8277562856674194,11.34,0.82,1.035,0.0,2.005,0.115,0.435,0.7909090909090909
7785,242417664,998997,3.1967500400543214,18.66,10.85,0.61,0.0,3.7439377158880234,10.795,0.87,0.715,0.0,1.955,0.14,0.385,0.7333333333333333
7790,242581504,999540,4.539250140190124,18.735,11.025,0.605,0.0,3.6199002265930176,10.725,0.87,0.64,0.0,1.995,0.075,0.375,0.8333333333333334
7795,242745344,1000077,7.1857500171661375,19.14,11.29,0.625,0.0,3.401329293847084,10.995,0.835,0.565,0.0,1.995,0.12,0.415,0.7757009345794392
7800,242909184,1000645,4.206000027656555,18.745,10.78,0.615,0.0,3.2317352294921875,10.72,0.91,0.64,0.0,2.015,0.12,0.415,0.7757009345794392
7805,243073024,1001185,6.63149998664856,19.37,11.245,0.665,0.0,3.739907145500183,11.21,1.14,0.655,0.0,2.07,0.1,0.4,0.8
7810,243236864,1001739,5.546749863624573,19.28,11.32,0.655,0.0,3.2800750732421875,10.965,0.87,0.655,0.0,1.95,0.115,0.325,0.7386363636363636
7815,243400704,1002280,4.261249771118164,18.475,10.705,0.615,0.0,3.4893533140420914,10.355,0.9,0.645,0.0,1.985,0.085,0.37,0.8131868131868132
7820,243564544,1002821,6.75099995136261,19.835,11.68,0.655,0.0,3.59163261950016,11.51,0.945,0.695,0.0,2.085,0.125,0.4,0.7619047619047619
7825,243728384,1003376,5.068499879837036,18.855,11.035,0.65,0.0,3.8715884387493134,10.65,0.76,0.6,0.0,2.09,0.085,0.355,0.8068181818181818
7830,243892224,1003920,4.76624969959259,18.625,10.855,0.585,0.0,3.98124860227108,10.15,0.85,0.595,0.0,1.985,0.16,0.41,0.7192982456140351
7835,244056064,1004487,5.358999900817871,18.88,10.93,0.62,0.0,4.087777376174927,10.885,0.89,0.64,0.0,1.98,0.135,0.33,0.7096774193548387
7840,244219904,1005038,5.816749849319458,19.28,11.19,0.675,0.0,3.5286040157079697,10.895,0.88,0.64,0.0,2.075,0.125,0.485,0.7950819672131147
7845,244383744,1005603,2.5152500820159913,17.55,10.32,0.57,0.0,3.9705192148685455,9.815,1.035,0.66,0.0,1.8,0.065,0.335,0.8375
7850,244547584,1006165,4.8972500038146975,19.27,11.16,0.695,0.0,3.426483705639839,11.005,1.095,0.635,0.0,2.065,0.1,0.375,0.7894736842105263
7855,244711424,1006716,2.7662501239776613,17.945,10.49,0.575,0.0,3.73247367143631,9.985,0.945,0.38,0.0,1.91,0.095,0.29,0.7532467532467533
7860,244875264,1007263,4.445500020980835,19.275,11.095,0.65,0.0,2.999228462576866,10.565,0.925,0.54,0.0,2.105,0.13,0.405,0.7570093457943925
7865,245039104,1007812,4.140250039100647,18.545,10.89,0.585,0.0,3.2853118628263474,10.22,0.925,0.59,0.0,1.84,0.1,0.375,0.7894736842105263
7870,245202944,1008365,3.2712499380111693,18.31,10.66,0.565,0.0,3.232604458928108,9.91,0.985,0.665,0.0,1.875,0.105,0.385,0.7857142857142857
7875,245366784,1008910,4.440999751091003,18.95,11.085,0.645,0.0,3.5423818975687027,10.495,0.825,0.67,0.0,2.025,0.095,0.335,0.7790697674418605
7880,245530624,1009467,4.483750004768371,18.545,11.0,0.645,0.0,3.6916221231222153,10.075,0.93,0.51,0.0,1.995,0.085,0.375,0.8152173913043478
7885,245694464,1010009,4.590999784469605,18.0,10.515,0.57,0.0,3.88930045068264,9.42,0.97,0.585,0.0,1.98,0.095,0.305,0.7625
7890,245858304,1010574,3.693500180244446,18.425,10.92,0.57,0.0,4.3180250227451324,9.54,0.96,0.655,0.0,1.895,0.08,0.325,0.8024691358024691
7895,246022144,1011085,4.94400007724762,18.56,10.785,0.65,0.0,4.154597759246826,9.935,0.995,0.79,0.0,1.995,0.115,0.35,0.7526881720430108
7900,246185984,1011623,2.9439997911453246,17.9,10.59,0.58,0.0,3.308062970638275,9.36,0.935,0.615,0.0,1.755,0.105,0.355,0.7717391304347826
7905,246349824,1012170,3.272250003814697,17.95,10.555,0.555,0.0,3.178682893514633,9.175,0.805,0.415,0.0,1.915,0.08,0.32,0.8
7910,246513664,1012710,4.667500138282776,19.055,10.9,0.63,0.0,3.4758580029010773,9.7,0.9,0.665,0.0,2.055,0.14,0.47,0.7704918032786885
7915,246677504,1013263,3.819250020980835,18.455,10.89,0.6,0.0,3.2939796298742294,9.87,0.925,0.59,0.0,1.865,0.09,0.495,0.8461538461538461
7920,246841344,1013793,5.5155001068115235,18.785,11.02,0.595,0.0,4.051405191421509,10.065,0.815,0.71,0.0,1.88,0.11,0.465,0.808695652173913
7925,247005184,1014351,3.6157499837875364,18.065,10.46,0.59,0.0,4.1827564388513565,9.66,0.93,0.5,0.0,1.895,0.105,0.415,0.7980769230769231
7930,247169024,1014887,5.233249859809876,18.815,10.84,0.58,0.0,4.12422239780426,9.595,0.995,0.69,0.0,2.015,0.12,0.465,0.7948717948717948
7935,247332864,1015422,3.4760000562667845,17.84,10.41,0.595,0.0,3.7231999337673187,9.22,0.955,0.605,0.0,1.905,0.095,0.345,0.7840909090909091
7940,247496704,1015955,4.160999984741211,18.395,10.84,0.565,0.0,3.882317468523979,9.405,0.755,0.545,0.0,1.795,0.07,0.39,0.8478260869565217
7945,247660544,1016499,4.674999842643738,18.765,10.855,0.59,0.0,3.5989244878292084,9.69,0.91,0.515,0.0,1.935,0.085,0.395,0.8229166666666666
7950,247824384,1017015,5.771250038146973,18.69,11.09,0.615,0.0,3.5495763272047043,9.54,0.835,0.6,0.0,1.985,0.09,0.38,0.8085106382978723
7955,247988224,1017545,6.133249950408936,19.05,11.25,0.615,0.0,3.8461981266736984,10.265,1.06,0.825,0.0,1.925,0.15,0.355,0.7029702970297029
7960,248152064,1018072,4.11250009059906,18.505,10.705,0.635,0.0,3.53141288459301,10.125,1.025,0.51,0.0,1.965,0.105,0.315,0.75
7965,248315904,1018619,5.022500238418579,18.79,10.885,0.625,0.0,3.45052407681942,10.035,0.935,0.705,0.0,2.035,0.145,0.33,0.6947368421052632
7970,248479744,1019156,6.287249999046326,18.435,10.695,0.585,0.0,3.567344844341278,9.94,1.025,0.57,0.0,1.955,0.14,0.355,0.7171717171717171
7975,248643584,1019700,6.82275016784668,19.245,11.42,0.64,0.0,3.9668664634227753,9.915,0.93,0.83,0.0,1.955,0.09,0.45,0.8333333333333334
7980,248807424,1020238,2.8627500438690188,18.13,10.48,0.565,0.0,3.28860867023468,10.01,0.935,0.605,0.0,1.98,0.11,0.385,0.7777777777777778
7985,248971264,1020796,4.3314998960494995,18.555,10.655,0.6,0.0,3.725220650434494,10.315,0.86,0.67,0.0,2.02,0.125,0.355,0.7395833333333334
7990,249135104,1021323,4.441750116348267,18.56,11.055,0.63,0.0,3.896383598446846,10.595,0.91,0.815,0.0,1.98,0.12,0.34,0.7391304347826086
7995,249298944,1021865,5.164000029563904,19.345,11.18,0.645,0.0,4.026495844125748,10.47,0.98,0.685,0.0,2.11,0.115,0.41,0.780952380952381
8000,249462784,1022393,2.7172499179840086,18.565,10.675,0.61,0.0,3.552621304988861,9.93,0.92,0.69,0.0,1.915,0.105,0.38,0.7835051546391752
8005,249626624,1022920,6.0404996490478515,19.205,11.3,0.64,0.0,3.906622365117073,10.54,0.92,0.645,0.0,2.01,0.095,0.36,0.7912087912087912
8010,249790464,1023468,6.118500156402588,19.715,11.62,0.66,0.0,3.247929260134697,10.7,0.91,0.605,0.0,2.165,0.07,0.38,0.8444444444444444
8015,249954304,1023998,3.579500093460083,17.885,10.38,0.555,0.0,4.157308250665665,9.63,0.795,0.44,0.0,1.87,0.13,0.31,0.7045454545454546
8020,250118144,1024538,7.868249850273132,20.015,11.765,0.69,0.0,3.9515565782785416,10.875,0.915,0.475,0.0,2.21,0.145,0.465,0.7622950819672131
8025,250281984,1025061,6.232500314712524,19.48,11.28,0.6,0.0,3.3054987341165543,10.16,0.99,0.79,0.0,2.14,0.145,0.48,0.768
8030,250445824,1025597,10.237500410079956,20.3,11.975,0.685,0.0,4.115094065666199,10.455,0.96,0.725,0.0,2.2,0.055,0.39,0.8764044943820225
8035,250609664,1026124,6.122250242233276,19.345,11.49,0.675,0.0,4.392440766096115,10.01,0.895,0.545,0.0,1.945,0.13,0.315,0.7078651685393258
8040,250773504,1026672,6.348499937057495,18.88,11.225,0.62,0.0,4.034028694033623,10.05,1.065,0.62,0.0,2.04,0.085,0.355,0.8068181818181818
8045,250937344,1027192,4.803500108718872,19.015,11.08,0.625,0.0,3.5171878188848495,10.12,1.045,0.595,0.0,2.12,0.105,0.42,0.8
8050,251101184,1027737,3.959250178337097,18.325,10.66,0.59,0.0,4.505154877901077,9.58,0.895,0.695,0.0,1.97,0.12,0.37,0.7551020408163265
8055,251265024,1028283,5.577250061035156,19.3,11.47,0.625,0.0,4.187897548079491,9.79,1.015,0.555,0.0,1.92,0.11,0.37,0.7708333333333334
8060,251428864,1028808,9.604500026702881,20.605,12.32,0.75,0.0,3.797155350446701,10.415,1.145,0.645,0.0,2.205,0.07,0.455,0.8666666666666667
8065,251592704,1029365,5.317249975204468,18.52,10.865,0.59,0.0,3.57522214949131,9.285,1.025,0.645,0.0,2.165,0.075,0.28,0.7887323943661971
8070,251756544,1029908,3.590500040054321,18.505,10.69,0.625,0.0,3.087282508611679,9.095,0.935,0.425,0.0,2.01,0.115,0.355,0.7553191489361702
8075,251920384,1030449,2.5427499341964723,18.365,10.71,0.605,0.0,3.5456506460905075,9.29,0.865,0.635,0.0,1.835,0.115,0.44,0.7927927927927928
8080,252084224,1031011,3.145999941825867,18.71,10.725,0.66,0.0,3.063773527741432,11.595,0.835,0.585,0.0,2.035,0.09,0.36,0.8
8085,252248064,1031576,4.31149995803833,18.085,10.51,0.56,0.0,3.2482664436101913,11.435,0.935,0.38,0.0,1.87,0.115,0.38,0.7676767676767676
8090,252411904,1032132,3.9702498435974123,18.315,10.53,0.59,0.0,3.4623199701309204,10.945,0.9,0.605,0.0,1.87,0.09,0.37,0.8043478260869565
8095,252575744,1032696,4.699999995231629,18.835,11.085,0.63,0.0,3.6096237897872925,11.62,0.815,0.64,0.0,2.045,0.115,0.32,0.735632183908046
8100,252739584,1033253,4.932749929428101,18.8,10.855,0.645,0.0,3.8727384954690933,11.135,0.81,0.8,0.0,2.015,0.075,0.47,0.8623853211009175
8105,252903424,1033793,6.2747496366500854,19.055,10.995,0.63,0.0,3.507126361131668,11.18,0.915,0.875,0.0,2.06,0.105,0.44,0.8073394495412844
8110,253067264,1034324,5.638749980926514,19.205,11.02,0.655,0.0,3.5036306977272034,11.035,0.81,0.545,0.0,2.13,0.13,0.4,0.7547169811320755
8115,253231104,1034867,4.827249813079834,18.6,10.925,0.595,0.0,3.6141150891780853,10.72,0.76,0.735,0.0,1.94,0.075,0.44,0.8543689320388349
8120,253394944,1035397,3.8982500553131105,18.91,10.895,0.59,0.0,4.003434345126152,10.62,0.79,0.67,0.0,2.12,0.105,0.375,0.78125
8125,253558784,1035929,6.297249994277954,19.01,11.15,0.63,0.0,3.6148892790079117,10.175,0.845,0.87,0.0,1.95,0.07,0.415,0.8556701030927835
8130,253722624,1036472,4.71525007724762,18.705,10.91,0.615,0.0,4.040602684020996,10.63,0.8,0.715,0.0,1.955,0.16,0.37,0.6981132075471698
8135,253886464,1037018,4.297249879837036,18.93,11.06,0.625,0.0,3.745893821120262,10.46,0.67,0.745,0.0,1.95,0.115,0.38,0.7676767676767676
8140,254050304,1037573,7.039749732017517,18.96,11.31,0.61,0.0,4.299781426787376,10.525,0.86,0.82,0.0,1.89,0.095,0.37,0.7956989247311828
8145,254214144,1038137,7.315250110626221,19.165,11.225,0.61,0.0,4.414254039525986,10.275,0.84,0.62,0.0,2.055,0.08,0.305,0.7922077922077922
8150,254377984,1038710,3.660999984741211,18.49,10.585,0.595,0.0,4.445743829011917,9.585,0.755,0.505,0.0,2.025,0.08,0.4,0.8333333333333334
8155,254541824,1039248,6.316750221252441,18.93,11.07,0.605,0.0,4.2974331974983215,10.225,0.7,0.595,0.0,2.03,0.075,0.415,0.8469387755102041
8160,254705664,1039803,4.378500018119812,18.565,10.93,0.585,0.0,4.180627539753914,9.89,0.71,0.79,0.0,1.935,0.075,0.39,0.8387096774193549
8165,254869504,1040331,5.025249924659729,19.005,10.975,0.635,0.0,3.325909301638603,10.035,0.91,0.54,0.0,2.08,0.11,0.385,0.7777777777777778
8170,255033344,1040882,2.058249931335449,17.64,10.19,0.535,0.0,3.39907568693161,8.935,0.805,0.6,0.0,1.87,0.065,0.34,0.8395061728395061
8175,255197184,1041433,2.9817500162124633,18.09,10.565,0.6,0.0,3.476188287138939,9.1,0.76,0.945,0.0,1.84,0.08,0.39,0.8297872340425532
8180,255361024,1041980,2.8285001611709593,18.245,10.53,0.585,0.0,3.710490107536316,8.955,0.925,0.62,0.0,1.76,0.115,0.325,0.7386363636363636
8185,255524864,1042521,3.598999819755554,18.78,10.65,0.59,0.0,3.4712868332862854,9.075,1.0,0.52,0.0,2.06,0.14,0.42,0.75
8190,255688704,1043052,2.1209999656677248,18.095,10.48,0.54,0.0,3.2571762204170227,9.06,0.865,0.63,0.0,1.86,0.085,0.365,0.8111111111111111
8195,255852544,1043618,0.7232499551773072,17.455,10.095,0.54,0.0,3.1741244792938232,9.03,0.895,0.565,0.0,1.72,0.08,0.425,0.8415841584158416
8200,256016384,1044129,5.487249855995178,19.2,11.23,0.61,0.0,3.693806618452072,10.315,0.955,0.725,0.0,2.1,0.06,0.4,0.8695652173913043
8205,256180224,1044662,3.211999940872192,18.415,10.845,0.575,0.0,3.676397994160652,9.845,0.895,0.635,0.0,1.845,0.105,0.37,0.7789473684210526
8210,256344064,1045209,3.492750039100647,18.39,10.68,0.56,0.0,3.412795439362526,10.02,0.995,0.685,0.0,1.87,0.07,0.425,0.8585858585858586
8215,256507904,1045740,4.354750061035157,19.08,11.16,0.625,0.0,3.7289309948682785,10.42,0.86,0.71,0.0,1.965,0.115,0.42,0.7850467289719626
8220,256671744,1046278,4.907000169754029,18.865,11.03,0.6,0.0,3.6593157052993774,10.56,0.855,0.715,0.0,1.985,0.09,0.445,0.8317757009345794
8225,256835584,1046821,5.115499906539917,18.775,11.17,0.6,0.0,3.208186239004135,10.44,0.655,0.665,0.0,1.975,0.115,0.405,0.7788461538461539
8230,256999424,1047356,4.178499817848206,18.38,10.84,0.575,0.0,3.2164496034383774,9.445,0.775,0.665,0.0,1.99,0.08,0.355,0.8160919540229885
8235,257163264,1047868,6.121749715805054,19.345,11.375,0.595,0.0,3.3790427297353745,9.96,0.91,0.615,0.0,2.09,0.13,0.375,0.7425742574257426
8240,257327104,1048394,5.126000075340271,18.63,10.925,0.58,0.0,4.414911180734634,9.935,0.77,0.715,0.0,1.97,0.13,0.455,0.7777777777777778
8245,257490944,1048919,4.159500188827515,18.235,10.745,0.595,0.0,3.8870821446180344,9.805,0.805,0.62,0.0,1.91,0.08,0.39,0.8297872340425532
8250,257654784,1049459,5.179250121116638,18.87,10.865,0.62,0.0,3.4026644080877304,10.08,0.87,0.88,0.0,2.025,0.105,0.455,0.8125
8255,257818624,1049993,4.110000033378601,18.905,10.895,0.595,0.0,4.053816720843315,10.395,0.935,0.595,0.0,2.025,0.105,0.42,0.8
8260,257982464,1050512,6.497999987602234,19.48,11.49,0.62,0.0,3.8629606664180756,10.9,0.975,0.62,0.0,2.105,0.085,0.355,0.8068181818181818
8265,258146304,1051056,4.457000126838684,18.455,10.83,0.6,0.0,3.449397400021553,9.945,0.985,0.545,0.0,1.915,0.095,0.39,0.8041237113402062
8270,258310144,1051595,5.698749837875366,19.22,11.165,0.635,0.0,4.143189325928688,10.235,0.845,0.635,0.0,2.06,0.12,0.44,0.7857142857142857
8275,258473984,1052122,6.514500069618225,19.885,11.51,0.625,0.0,3.67380890250206,10.715,0.88,0.72,0.0,2.22,0.1,0.45,0.8181818181818182
8280,258637824,1052671,5.212999920845032,19.36,11.18,0.615,0.0,3.7330226451158524,10.24,0.99,0.525,0.0,2.025,0.13,0.45,0.7758620689655172
8285,258801664,1053192,6.817749881744385,19.31,11.385,0.625,0.0,3.4490140974521637,10.495,0.95,0.82,0.0,2.035,0.11,0.39,0.78
8290,258965504,1053736,2.940249834060669,18.135,10.495,0.605,0.0,3.599425718188286,9.74,0.715,0.57,0.0,2.135,0.09,0.36,0.8
8295,259129344,1054271,3.8650000858306885,18.875,11.02,0.595,0.0,3.894877091050148,10.515,0.87,0.7,0.0,1.96,0.145,0.36,0.7128712871287128
8300,259293184,1054821,2.1957500791549682,17.56,10.12,0.525,0.0,3.577745497226715,9.395,0.805,0.43,0.0,1.78,0.13,0.39,0.75
8305,259457024,1055345,6.1002499389648435,18.925,11.225,0.64,0.0,3.54250830411911,10.4,0.82,0.555,0.0,1.98,0.105,0.35,0.7692307692307693
8310,259620864,1055877,3.7712500619888307,18.48,10.76,0.595,0.0,3.238493427634239,10.04,0.96,0.61,0.0,1.87,0.085,0.4,0.8247422680412371
8315,259784704,1056398,4.985499887466431,18.905,10.945,0.6,0.0,3.4994760006666183,10.105,0.925,0.59,0.0,2.075,0.13,0.495,0.792
8320,259948544,1056936,5.21375,19.4,11.13,0.65,0.0,3.444455623626709,10.155,0.995,0.6,0.0,2.215,0.135,0.505,0.7890625
8325,260112384,1057478,4.074249973297119,18.8,10.84,0.6,0.0,3.437597170472145,10.03,0.895,0.635,0.0,2.055,0.16,0.41,0.7192982456140351
8330,260276224,1058016,4.426250081062317,18.34,10.845,0.57,0.0,3.911274880170822,9.825,0.8,0.575,0.0,1.88,0.08,0.37,0.8222222222222222
8335,260440064,1058553,2.5080000495910646,18.215,10.815,0.525,0.0,3.529058128595352,9.9,0.865,0.585,0.0,1.84,0.11,0.41,0.7884615384615384
8340,260603904,1059067,7.268250241279602,19.475,11.46,0.635,0.0,3.557108297944069,10.155,0.975,0.695,0.0,2.05,0.1,0.43,0.8113207547169812
8345,260767744,1059601,6.805000100135803,19.355,11.31,0.645,0.0,3.082574799656868,10.145,1.01,0.61,0.0,2.225,0.14,0.425,0.7522123893805309
8350,260931584,1060118,4.3802500820159915,18.865,11.11,0.64,0.0,3.6644439697265625,9.39,0.885,0.605,0.0,2.045,0.115,0.37,0.7628865979381443
8355,261095424,1060640,5.786749997138977,19.46,11.52,0.645,0.0,3.352249354124069,9.97,0.885,0.545,0.0,2.135,0.105,0.37,0.7789473684210526
8360,261259264,1061171,4.337750020027161,18.24,10.825,0.585,0.0,3.3412180840969086,9.245,0.82,0.565,0.0,1.92,0.075,0.4,0.8421052631578947
8365,261423104,1061715,4.98425000667572,18.56,10.83,0.57,0.0,3.514143228530884,10.155,0.865,0.555,0.0,1.885,0.09,0.36,0.8
8370,261586944,1062243,6.025249896049499,18.135,10.715,0.565,0.0,3.5188503861427307,9.945,0.985,0.58,0.0,1.905,0.075,0.385,0.8369565217391305
8375,261750784,1062771,4.841250014305115,18.79,10.835,0.575,0.0,4.465359315276146,9.985,1.105,0.55,0.0,1.965,0.095,0.415,0.8137254901960784
8380,261914624,1063301,4.855499730110169,18.515,10.815,0.595,0.0,11.698691368103027,9.745,0.99,0.515,0.0,1.95,0.125,0.37,0.7474747474747475
8385,262078464,1063820,5.402749981880188,18.83,11.05,0.62,0.0,37.07795098423958,9.935,0.88,0.56,0.0,2.01,0.16,0.35,0.6862745098039216
8390,262242304,1064334,6.534749855995178,19.31,11.215,0.63,0.0,17.46782898902893,10.44,1.015,0.455,0.0,1.985,0.11,0.36,0.7659574468085106
8395,262406144,1064880,2.2784998989105225,17.76,10.305,0.56,0.0,4.047594606876373,9.255,0.93,0.505,0.0,1.96,0.07,0.365,0.8390804597701149
8400,262569984,1065402,3.3702500820159913,18.195,10.685,0.565,0.0,4.080418959259987,9.57,0.93,0.42,0.0,1.99,0.095,0.33,0.7764705882352941
8405,262733824,1065922,5.861000118255615,19.055,11.125,0.615,0.0,4.175118118524551,10.495,1.025,0.615,0.0,1.925,0.135,0.345,0.71875
8410,262897664,1066462,3.5355000591278074,18.225,10.835,0.615,0.0,3.8458172380924225,10.155,0.91,0.59,0.0,1.875,0.09,0.37,0.8043478260869565
8415,263061504,1066994,5.071000056266785,18.57,11.085,0.55,0.0,3.9479989409446716,10.425,1.015,0.605,0.0,1.825,0.11,0.375,0.7731958762886598
8420,263225344,1067498,8.369250192642212,19.83,11.765,0.68,0.0,3.485181748867035,11.46,1.405,0.68,0.0,2.11,0.085,0.395,0.8229166666666666
8425,263389184,1068022,3.315000267028809,18.095,10.45,0.54,0.0,3.25588059425354,10.12,1.13,0.425,0.0,1.865,0.145,0.465,0.7622950819672131
8430,263553024,1068534,7.064999966621399,19.17,11.145,0.62,0.0,3.2522584795951843,10.495,0.925,0.635,0.0,2.085,0.1,0.43,0.8113207547169812
8435,263716864,1069035,6.536249847412109,19.775,11.6,0.66,0.0,3.090714752674103,11.21,1.115,1.04,0.0,2.03,0.095,0.405,0.81
8440,263880704,1069572,6.747000036239624,19.315,11.325,0.68,0.0,3.54583802819252,10.845,1.155,0.535,0.0,1.965,0.16,0.45,0.7377049180327869
8445,264044544,1070085,4.244000210762024,18.3,10.645,0.62,0.0,3.762449935078621,9.98,1.025,0.675,0.0,1.895,0.11,0.4,0.7843137254901961
8450,264208384,1070613,7.56675000667572,19.965,11.525,0.66,0.0,3.9301050156354904,11.06,1.165,0.665,0.0,2.35,0.11,0.4,0.7843137254901961
8455,264372224,1071139,6.472250127792359,19.52,11.485,0.63,0.0,3.82267427444458,11.02,1.055,0.465,0.0,1.91,0.115,0.415,0.7830188679245284
8460,264536064,1071648,4.948750019073486,19.145,11.18,0.655,0.0,3.4289824664592743,10.695,1.02,0.465,0.0,2.035,0.11,0.395,0.7821782178217822
8465,264699904,1072158,6.669000015258789,19.17,11.215,0.65,0.0,3.57272270321846,10.73,1.06,0.79,0.0,1.96,0.13,0.48,0.7868852459016393
8470,264863744,1072663,4.834500122070312,18.815,11.23,0.59,0.0,3.768030285835266,10.77,1.365,0.615,0.0,1.95,0.11,0.39,0.78
8475,265027584,1073189,3.7449997425079347,18.045,10.745,0.58,0.0,3.300760120153427,10.275,1.05,0.435,0.0,1.995,0.13,0.315,0.7078651685393258
8480,265191424,1073702,5.693250002861023,19.03,11.335,0.625,0.0,4.164551913738251,10.935,1.085,0.61,0.0,1.95,0.11,0.44,0.8
8485,265355264,1074207,6.3672497367858885,19.08,11.145,0.655,0.0,3.516596257686615,11.05,1.255,0.69,0.0,2.025,0.13,0.345,0.7263157894736842
8490,265519104,1074740,1.1035000610351562,17.125,9.91,0.51,0.0,3.4144130051136017,9.93,0.955,0.585,0.0,1.695,0.085,0.435,0.8365384615384616
8495,265682944,1075242,5.595500135421753,18.845,11.03,0.61,0.0,3.841494917869568,10.68,0.96,0.49,0.0,1.95,0.125,0.31,0.7126436781609196
8500,265846784,1075783,5.986999759674072,18.45,10.91,0.575,0.0,4.248173236846924,10.295,0.98,0.7,0.0,1.915,0.115,0.36,0.7578947368421053
8505,266010624,1076296,6.8995000886917115,19.53,11.355,0.65,0.0,4.178445532917976,10.35,1.13,0.7,0.0,2.105,0.11,0.375,0.7731958762886598
8510,266174464,1076836,3.189500160217285,18.715,10.98,0.675,0.0,3.570524737238884,9.765,0.975,0.695,0.0,2.005,0.11,0.45,0.8035714285714286
8515,266338304,1077365,3.988000054359436,18.465,10.805,0.595,0.0,4.504727602005005,9.875,1.025,0.67,0.0,2.025,0.095,0.33,0.7764705882352941
8520,266502144,1077878,7.413499960899353,19.37,11.23,0.63,0.0,3.71479432284832,10.875,1.29,0.585,0.0,2.16,0.105,0.46,0.8141592920353983
8525,266665984,1078394,6.869500045776367,19.445,11.39,0.62,0.0,3.6396616995334625,10.89,1.195,0.52,0.0,2.17,0.11,0.37,0.7708333333333334
8530,266829824,1078921,4.941499743461609,18.91,11.045,0.61,0.0,3.928214818239212,10.75,1.26,0.615,0.0,2.035,0.105,0.375,0.78125
8535,266993664,1079429,6.003250198364258,18.895,10.91,0.605,0.0,4.248029112815857,10.4,1.22,0.63,0.0,1.99,0.09,0.385,0.8105263157894737
8540,267157504,1079941,6.773999972343445,18.88,11.065,0.605,0.0,3.7278003990650177,10.42,1.045,0.74,0.0,2.075,0.105,0.465,0.8157894736842105
8545,267321344,1080469,3.7185001516342164,17.725,10.445,0.525,0.0,4.3388505429029465,9.635,0.96,0.555,0.0,1.795,0.09,0.415,0.8217821782178217
8550,267485184,1080998,4.183749933242797,18.945,11.055,0.645,0.0,3.3754450380802155,10.685,1.05,0.56,0.0,1.985,0.105,0.325,0.7558139534883721
8555,267649024,1081537,5.290500159263611,19.115,11.22,0.585,0.0,3.5236674398183823,10.805,1.0,0.635,0.0,1.965,0.11,0.42,0.7924528301886793
8560,267812864,1082069,8.396000142097472,19.385,11.71,0.65,0.0,4.062137857079506,11.01,1.055,0.56,0.0,2.04,0.12,0.36,0.75
8565,267976704,1082599,6.215249886512757,19.195,11.125,0.625,0.0,4.081590607762337,10.55,1.195,0.65,0.0,2.155,0.085,0.37,0.8131868131868132
8570,268140544,1083142,6.21274986743927,18.9,11.09,0.585,0.0,3.6230437755584717,10.465,1.115,0.595,0.0,2.03,0.09,0.41,0.82
8575,268304384,1083687,4.921249663829803,18.35,10.54,0.61,0.0,3.9594117403030396,9.925,0.955,0.885,0.0,1.955,0.125,0.445,0.7807017543859649
8580,268468224,1084242,5.071749954223633,18.82,10.985,0.58,0.0,3.9939950108528137,10.1,1.03,0.51,0.0,2.06,0.1,0.335,0.7701149425287356
8585,268632064,1084804,4.748999781608582,18.715,10.95,0.59,0.0,3.7659751176834106,10.31,0.95,0.45,0.0,2.05,0.115,0.39,0.7722772277227723
8590,268795904,1085336,5.161499898433686,18.95,10.885,0.59,0.0,3.818675234913826,10.455,1.11,0.485,0.0,2.125,0.105,0.35,0.7692307692307693
8595,268959744,1085879,4.7429999828338625,18.525,10.815,0.595,0.0,4.077217772603035,10.25,1.16,0.695,0.0,1.82,0.07,0.4,0.851063829787234
8600,269123584,1086415,7.282000150680542,19.49,11.415,0.61,0.0,4.11874994635582,10.9,1.19,0.605,0.0,1.99,0.1,0.38,0.7916666666666666
8605,269287424,1086934,7.993500094413758,20.125,11.84,0.71,0.0,3.8540970981121063,11.155,1.14,0.64,0.0,2.17,0.105,0.39,0.7878787878787878
8610,269451264,1087478,5.724999895095825,19.03,11.14,0.6,0.0,4.010181680321693,10.495,1.15,0.605,0.0,2.095,0.14,0.32,0.6956521739130435
8615,269615104,1088001,4.636499891281128,19.045,11.2,0.645,0.0,3.1262621730566025,10.715,1.02,0.555,0.0,2.125,0.11,0.395,0.7821782178217822
8620,269778944,1088543,3.4222500133514404,18.545,10.645,0.61,0.0,3.424217015504837,9.89,1.025,0.73,0.0,2.035,0.11,0.415,0.7904761904761904
8625,269942784,1089088,4.446500053405762,18.145,10.445,0.55,0.0,3.493973672389984,9.815,1.03,0.53,0.0,1.91,0.13,0.44,0.7719298245614035
8630,270106624,1089638,6.417500066757202,19.2,11.145,0.605,0.0,3.318890541791916,10.735,1.16,0.71,0.0,2.005,0.13,0.385,0.7475728155339806
8635,270270464,1090176,3.142249894142151,18.135,10.645,0.61,0.0,3.3497225493192673,9.935,0.815,0.625,0.0,1.795,0.09,0.38,0.8085106382978723
8640,270434304,1090723,5.1135001826286315,18.59,11.02,0.575,0.0,3.5168549865484238,10.125,1.13,0.715,0.0,1.85,0.13,0.345,0.7263157894736842
8645,270598144,1091255,3.3769998264312746,19.025,10.88,0.59,0.0,3.350738152861595,10.13,1.02,0.695,0.0,1.985,0.12,0.505,0.808
8650,270761984,1091772,5.8312499046325685,18.94,10.945,0.585,0.0,3.421359673142433,9.89,1.1,0.735,0.0,1.99,0.165,0.425,0.7203389830508474
8655,270925824,1092321,2.7382499885559084,18.43,10.65,0.585,0.0,3.096696376800537,9.825,1.01,0.53,0.0,1.925,0.135,0.42,0.7567567567567568
8660,271089664,1092863,3.435249729156494,18.67,10.76,0.57,0.0,2.8131408244371414,9.475,0.86,0.46,0.0,2.03,0.16,0.38,0.7037037037037037
8665,271253504,1093375,4.217999916076661,19.125,11.125,0.61,0.0,3.5014205276966095,9.695,0.94,0.55,0.0,2.005,0.12,0.37,0.7551020408163265
8670,271417344,1093901,4.8994999551773075,19.11,11.34,0.6,0.0,3.4317496716976166,10.115,1.135,0.535,0.0,2.0,0.15,0.36,0.7058823529411765
8675,271581184,1094438,3.775249943733215,18.39,10.585,0.595,0.0,3.1767690926790237,9.005,0.97,0.865,0.0,2.01,0.1,0.465,0.8230088495575221
8680,271745024,1094986,6.872249860763549,19.14,11.14,0.635,0.0,3.490900754928589,9.825,1.045,0.725,0.0,2.0,0.115,0.445,0.7946428571428571
8685,271908864,1095511,6.783499813079834,19.575,11.61,0.655,0.0,3.8843325823545456,10.43,1.04,0.74,0.0,1.885,0.165,0.405,0.7105263157894737
8690,272072704,1096048,3.394499888420105,18.61,10.91,0.595,0.0,3.8325509279966354,9.975,0.84,0.745,0.0,1.995,0.13,0.395,0.7523809523809524
8695,272236544,1096576,6.802999720573426,19.135,11.155,0.635,0.0,3.4818127155303955,10.535,1.065,0.47,0.0,2.085,0.065,0.37,0.8505747126436781
8700,272400384,1097106,5.453500125408173,19.08,10.91,0.64,0.0,4.258278727531433,10.295,0.975,0.77,0.0,2.065,0.14,0.48,0.7741935483870968
8705,272564224,1097637,4.543749918937683,18.545,10.915,0.555,0.0,3.899874895811081,10.11,0.87,0.51,0.0,1.975,0.09,0.395,0.8144329896907216
8710,272728064,1098165,6.475499954223633,19.44,11.375,0.595,0.0,3.6042874455451965,10.045,1.165,0.56,0.0,2.005,0.105,0.42,0.8
8715,272891904,1098683,4.737750072479248,19.09,11.025,0.605,0.0,3.3911262303590775,9.68,1.065,0.69,0.0,2.045,0.12,0.465,0.7948717948717948
8720,273055744,1099216,4.9975000715255735,18.695,10.755,0.595,0.0,3.697791948914528,9.63,1.195,0.695,0.0,2.105,0.105,0.42,0.8
8725,273219584,1099756,3.227250237464905,17.93,10.625,0.53,0.0,3.5750846564769745,9.665,0.98,0.605,0.0,1.83,0.125,0.44,0.7787610619469026
8730,273383424,1100269,5.429500160217285,19.02,11.19,0.64,0.0,3.4055166244506836,10.69,1.15,0.735,0.0,1.995,0.075,0.475,0.8636363636363636
8735,273547264,1100795,4.930750131607056,19.14,11.49,0.61,0.0,3.9550677984952927,10.94,1.165,0.555,0.0,1.98,0.1,0.36,0.782608695652174
8740,273711104,1101328,7.579500069618225,19.25,11.505,0.58,0.0,4.751753851771355,10.92,1.2,0.77,0.0,1.895,0.095,0.35,0.7865168539325843
8745,273874944,1101874,3.502750015258789,18.35,10.77,0.595,0.0,3.6761990785598755,9.98,0.88,0.77,0.0,1.79,0.12,0.405,0.7714285714285715
8750,274038784,1102397,5.734250178337097,18.585,10.79,0.555,0.0,4.192488729953766,10.005,1.075,0.54,0.0,1.955,0.16,0.44,0.7333333333333333
8755,274202624,1102944,4.883249773979187,18.48,10.965,0.575,0.0,3.324957951903343,10.465,1.055,0.5,0.0,1.82,0.085,0.39,0.8210526315789474
8760,274366464,1103476,6.488000226020813,19.21,11.475,0.62,0.0,3.09628826379776,10.85,1.07,0.81,0.0,1.97,0.125,0.415,0.7685185185185185
8765,274530304,1104028,5.395999970436097,18.57,10.76,0.59,0.0,3.4868700206279755,10.005,0.87,0.77,0.0,2.045,0.08,0.35,0.813953488372093
8770,274694144,1104558,4.544249992370606,18.2,10.75,0.58,0.0,3.89634707570076,9.945,0.9,0.61,0.0,1.715,0.105,0.38,0.7835051546391752
8775,274857984,1105093,5.1250000047683715,18.545,10.92,0.58,0.0,3.6907127052545547,10.39,0.96,0.595,0.0,1.92,0.085,0.395,0.8229166666666666
8780,275021824,1105597,5.95175000667572,19.58,11.58,0.65,0.0,4.417843818664551,10.96,0.925,0.605,0.0,2.025,0.11,0.42,0.7924528301886793
8785,275185664,1106126,4.9540001392364506,18.74,10.935,0.615,0.0,3.152154341340065,10.555,1.125,0.565,0.0,2.09,0.115,0.37,0.7628865979381443
8790,275349504,1106652,5.27625,19.01,11.105,0.635,0.0,3.9758673012256622,10.285,0.85,0.685,0.0,1.965,0.125,0.49,0.7967479674796748
8795,275513344,1107169,6.795000329017639,19.4,11.38,0.66,0.0,3.737566813826561,10.7,0.84,0.805,0.0,2.015,0.105,0.46,0.8141592920353983
8800,275677184,1107686,6.190749726295471,19.31,11.375,0.645,0.0,3.2393457740545273,10.535,0.905,0.685,0.0,2.105,0.085,0.47,0.8468468468468469
8805,275841024,1108217,5.722000141143798,18.775,10.9,0.605,0.0,3.0577730536460876,10.26,1.085,0.755,0.0,1.975,0.125,0.43,0.7747747747747747
8810,276004864,1108752,6.21324996471405,19.47,11.325,0.645,0.0,3.5850411504507065,10.815,1.09,0.66,0.0,1.995,0.155,0.405,0.7232142857142857
8815,276168704,1109277,8.92674988269806,19.8,11.58,0.635,0.0,3.4838066399097443,10.765,1.1,0.615,0.0,2.22,0.09,0.32,0.7804878048780488
8820,276332544,1109787,7.207250146865845,19.6,11.365,0.635,0.0,3.9857643395662308,10.345,1.13,0.76,0.0,2.13,0.12,0.36,0.75
8825,276496384,1110305,6.770250191688538,19.0,11.315,0.635,0.0,4.058086380362511,9.735,1.075,0.415,0.0,1.96,0.115,0.355,0.7553191489361702
8830,276660224,1110858,2.4457498931884767,17.825,10.43,0.52,0.0,3.914311036467552,7.74,1.115,0.605,0.0,1.67,0.105,0.325,0.7558139534883721
8835,276824064,1111395,5.110499873161316,18.225,10.695,0.555,0.0,3.7671406120061874,8.17,1.05,0.61,0.0,1.785,0.09,0.39,0.8125
8840,276987904,1111936,4.779749841690063,19.085,11.025,0.635,0.0,4.070946827530861,8.615,1.2,0.73,0.0,1.93,0.13,0.44,0.7719298245614035
8845,277151744,1112474,4.429499888420105,18.685,10.92,0.605,0.0,3.645018234848976,9.02,0.85,0.61,0.0,1.95,0.08,0.415,0.8383838383838383
8850,277315584,1113016,2.557749991416931,18.08,10.63,0.55,0.0,3.5222087502479553,9.19,0.84,0.51,0.0,1.845,0.13,0.335,0.7204301075268817
8855,277479424,1113549,3.8724998950958254,18.68,10.725,0.6,0.0,3.3272655159235,9.745,0.955,0.605,0.0,2.02,0.14,0.41,0.7454545454545455
8860,277643264,1114043,6.07649983882904,18.975,11.2,0.635,0.0,4.260878965258598,10.11,1.025,0.445,0.0,1.965,0.11,0.415,0.7904761904761904
8865,277807104,1114562,6.829249877929687,19.305,11.38,0.635,0.0,3.487539365887642,9.9,0.9,0.695,0.0,1.99,0.095,0.505,0.8416666666666667
8870,277970944,1115055,5.090249943733215,19.155,11.245,0.615,0.0,2.9682962149381638,9.925,0.985,0.8,0.0,1.97,0.105,0.445,0.8090909090909091
8875,278134784,1115580,3.342750058174133,18.51,10.89,0.62,0.0,2.995928853750229,9.035,0.85,0.655,0.0,1.91,0.1,0.405,0.801980198019802
8880,278298624,1116085,4.179749982357025,18.985,10.98,0.66,0.0,3.107026159763336,9.235,0.74,0.725,0.0,2.06,0.1,0.46,0.8214285714285714
8885,278462464,1116611,6.157249960899353,19.34,11.405,0.645,0.0,2.9252450317144394,9.64,0.73,0.84,0.0,2.1,0.12,0.42,0.7777777777777778
8890,278626304,1117128,4.115249948501587,18.54,10.65,0.62,0.0,3.491546854376793,8.555,0.84,0.46,0.0,1.935,0.12,0.43,0.7818181818181819
8895,278790144,1117650,6.77400013923645,19.165,11.185,0.63,0.0,3.3476931750774384,8.86,0.8,0.58,0.0,2.145,0.095,0.36,0.7912087912087912
8900,278953984,1118166,5.467500047683716,19.52,11.3,0.64,0.0,3.1852162182331085,9.385,0.79,0.72,0.0,2.22,0.08,0.415,0.8383838383838383
8905,279117824,1118679,5.319000082015991,18.765,11.055,0.595,0.0,4.055414497852325,9.285,0.82,0.78,0.0,2.075,0.14,0.37,0.7254901960784313
8910,279281664,1119196,6.670999839305877,19.31,11.385,0.655,0.0,3.8353098779916763,9.57,0.905,0.64,0.0,2.035,0.11,0.415,0.7904761904761904
8915,279445504,1119707,5.347249960899353,18.87,10.94,0.565,0.0,4.069025039672852,8.935,0.875,0.545,0.0,1.99,0.08,0.43,0.8431372549019608
8920,279609344,1120232,4.85699996471405,18.705,10.87,0.61,0.0,3.593027800321579,9.155,0.965,0.6,0.0,2.06,0.095,0.37,0.7956989247311828
8925,279773184,1120725,5.506499972343445,19.13,11.395,0.615,0.0,5.157739102840424,10.095,1.0,0.63,0.0,2.05,0.09,0.435,0.8285714285714286
8930,279937024,1121216,8.502500262260437,20.295,12.01,0.66,0.0,6.619323343038559,10.49,1.075,0.655,0.0,2.075,0.12,0.35,0.7446808510638298
8935,280100864,1121734,6.118749861717224,19.015,11.01,0.635,0.0,5.7250218987464905,9.71,0.99,0.605,0.0,2.055,0.08,0.455,0.8504672897196262
8940,280264704,1122224,7.702000041007995,19.975,11.435,0.625,0.0,3.7350833117961884,9.825,1.05,0.73,0.0,2.175,0.115,0.49,0.8099173553719008
8945,280428544,1122767,4.561500234603882,18.93,10.975,0.65,0.0,4.115960359573364,9.585,0.995,0.88,0.0,1.84,0.125,0.375,0.75
8950,280592384,1123269,4.821249856948852,18.69,10.96,0.595,0.0,3.6559862941503525,9.865,1.025,0.62,0.0,1.94,0.11,0.365,0.7684210526315789
8955,280756224,1123765,5.313249726295471,19.575,11.465,0.64,0.0,3.0522706657648087,10.135,0.97,0.73,0.0,2.1,0.11,0.38,0.7755102040816326
8960,280920064,1124277,6.474250154495239,19.51,11.66,0.67,0.0,3.520688772201538,10.135,1.03,0.87,0.0,1.95,0.11,0.44,0.8
8965,281083904,1124789,7.973249826431275,20.22,11.845,0.68,0.0,3.6904323250055313,10.47,1.165,0.75,0.0,2.18,0.125,0.47,0.7899159663865546
8970,281247744,1125294,7.265249738693237,19.79,11.775,0.69,0.0,3.4864420890808105,9.885,0.88,0.745,0.0,2.135,0.125,0.435,0.7767857142857143
8975,281411584,1125792,7.241999912261963,19.655,11.4,0.67,0.0,3.50283744931221,10.155,1.225,0.62,0.0,2.155,0.095,0.44,0.822429906542056
8980,281575424,1126298,6.903000288009643,19.41,11.53,0.64,0.0,3.562009871006012,10.295,1.3,0.635,0.0,2.04,0.095,0.36,0.7912087912087912
8985,281739264,1126803,4.991250095367431,18.945,11.115,0.61,0.0,3.1935020238161087,9.81,1.1,0.56,0.0,1.995,0.075,0.385,0.8369565217391305
8990,281903104,1127310,6.461750159263611,19.75,11.645,0.67,0.0,3.4364728182554245,9.835,1.165,0.74,0.0,2.12,0.115,0.35,0.7526881720430108
8995,282066944,1127825,6.485999903678894,19.305,11.4,0.64,0.0,3.906466528773308,9.965,1.24,0.575,0.0,2.01,0.09,0.365,0.8021978021978022
9000,282230784,1128356,6.124499850273132,19.07,11.245,0.635,0.0,4.72882080078125,10.76,1.23,0.765,0.0,1.955,0.135,0.37,0.7326732673267327
9005,282394624,1128863,5.503499999046325,19.67,11.515,0.63,0.0,4.583935514092445,11.255,1.325,0.665,0.0,1.98,0.095,0.445,0.8240740740740741
9010,282558464,1129365,9.500250067710876,20.37,11.95,0.7,0.0,3.5822157859802246,11.44,1.38,0.545,0.0,2.155,0.09,0.475,0.8407079646017699
9015,282722304,1129887,6.3587498235702515,18.915,11.1,0.58,0.0,3.560971260070801,10.41,1.28,0.755,0.0,1.985,0.09,0.38,0.8085106382978723
9020,282886144,1130440,5.611499989032746,18.815,11.07,0.63,0.0,3.5244901329278946,10.34,1.13,0.78,0.0,1.88,0.12,0.47,0.7966101694915254
9025,283049984,1130943,8.417249836921691,20.06,11.635,0.62,0.0,3.89609894156456,10.925,1.18,0.83,0.0,2.2,0.13,0.42,0.7636363636363637
9030,283213824,1131488,7.309000058174133,19.27,11.175,0.635,0.0,3.9530666321516037,10.37,1.325,0.53,0.0,2.045,0.125,0.38,0.7524752475247525
9035,283377664,1132017,4.339999928474426,18.925,11.18,0.61,0.0,3.8906449526548386,10.12,0.91,0.54,0.0,1.985,0.1,0.38,0.7916666666666666
9040,283541504,1132551,5.16099986076355,18.47,10.77,0.6,0.0,4.277663916349411,9.41,1.07,0.535,0.0,1.84,0.085,0.43,0.8349514563106796
9045,283705344,1133091,4.999499669075012,19.445,11.215,0.605,0.0,3.5598212629556656,10.135,1.015,0.875,0.0,1.97,0.1,0.42,0.8076923076923077
9050,283869184,1133638,3.537250075340271,18.395,10.67,0.59,0.0,3.8556364327669144,9.935,1.035,0.52,0.0,1.93,0.165,0.4,0.7079646017699115
9055,284033024,1134193,2.499749994277954,17.83,10.275,0.565,0.0,2.6020642518997192,9.6,0.925,0.655,0.0,1.815,0.125,0.37,0.7474747474747475
9060,284196864,1134756,3.7605000877380372,18.33,10.615,0.605,0.0,3.369596093893051,9.645,0.99,0.69,0.0,1.99,0.085,0.405,0.826530612244898
9065,284360704,1135308,8.061250085830688,19.455,11.43,0.65,0.0,3.8489664644002914,10.595,1.2,0.77,0.0,1.965,0.175,0.375,0.6818181818181818
9070,284524544,1135835,6.608500142097473,19.765,11.675,0.68,0.0,3.1068748831748962,10.28,1.09,0.8,0.0,2.05,0.135,0.36,0.7272727272727273
9075,284688384,1136363,5.4072500467300415,19.515,11.285,0.615,0.0,3.655231222510338,10.27,1.195,0.69,0.0,2.045,0.105,0.43,0.8037383177570093
9080,284852224,1136899,4.584999976158142,19.135,11.125,0.66,0.0,3.5350221693515778,10.38,1.21,0.59,0.0,2.065,0.115,0.365,0.7604166666666666
9085,285016064,1137437,8.075749764442444,20.035,11.63,0.64,0.0,3.7825141102075577,10.46,1.225,0.625,0.0,2.13,0.1,0.395,0.797979797979798
9090,285179904,1137944,8.838749890327454,20.175,11.84,0.69,0.0,3.648894965648651,10.61,1.105,0.84,0.0,2.185,0.11,0.365,0.7684210526315789
9095,285343744,1138465,5.367999868392944,19.085,11.115,0.645,0.0,3.4572276324033737,10.255,1.0,0.555,0.0,1.98,0.12,0.425,0.7798165137614679
9100,285507584,1138985,8.729499988555908,20.355,11.89,0.695,0.0,3.575933665037155,10.965,1.03,0.9,0.0,2.2,0.09,0.465,0.8378378378378378
9105,285671424,1139512,5.200999803543091,18.57,10.885,0.555,0.0,4.206045299768448,9.925,0.925,0.72,0.0,1.91,0.17,0.325,0.6565656565656566
9110,285835264,1140034,6.0592499399185185,19.58,11.39,0.685,0.0,4.024951219558716,10.34,0.975,0.83,0.0,2.1,0.135,0.4,0.7476635514018691
9115,285999104,1140573,4.486249933242798,18.515,10.705,0.555,0.0,4.0075483322143555,9.71,1.03,0.615,0.0,1.9,0.085,0.44,0.8380952380952381
9120,286162944,1141088,4.513749833106995,19.045,11.09,0.635,0.0,3.1522327065467834,10.115,1.105,0.635,0.0,1.955,0.1,0.39,0.7959183673469388
9125,286326784,1141628,6.829000072479248,19.18,11.095,0.645,0.0,3.7700271755456924,10.205,1.225,0.53,0.0,2.155,0.1,0.41,0.803921568627451
9130,286490624,1142136,5.349000005722046,18.48,10.85,0.595,0.0,4.333992689847946,10.235,1.26,0.61,0.0,1.835,0.125,0.35,0.7368421052631579
9135,286654464,1142674,4.702749795913697,18.48,10.65,0.59,0.0,3.820530116558075,9.965,1.14,0.54,0.0,1.94,0.13,0.37,0.74
9140,286818304,1143198,4.968499732017517,18.68,10.885,0.615,0.0,3.5490898191928864,10.38,1.11,0.55,0.0,1.995,0.12,0.365,0.7525773195876289
9145,286982144,1143709,5.766749968528748,18.97,11.18,0.61,0.0,3.691122680902481,10.705,1.145,0.665,0.0,1.945,0.115,0.345,0.75
9150,287145984,1144212,7.651249881982803,19.485,11.55,0.625,0.0,3.4642832428216934,10.875,1.04,0.79,0.0,2.085,0.1,0.34,0.7727272727272727
9155,287309824,1144726,6.773750171661377,19.635,11.585,0.66,0.0,3.8549784719944,10.725,1.1,0.685,0.0,2.08,0.095,0.4,0.8080808080808081
9160,287473664,1145252,4.972749991416931,18.95,11.18,0.62,0.0,3.4042165726423264,10.695,0.88,0.71,0.0,2.055,0.1,0.37,0.7872340425531915
9165,287637504,1145779,6.120999827384948,19.22,11.18,0.695,0.0,3.361387088894844,10.53,0.97,0.695,0.0,2.045,0.085,0.465,0.8454545454545455
9170,287801344,1146296,6.975250082015991,19.235,11.25,0.615,0.0,3.488149508833885,10.755,1.105,0.81,0.0,2.02,0.14,0.375,0.7281553398058253
9175,287965184,1146797,7.096250026226044,19.495,11.72,0.64,0.0,3.4433194547891617,10.97,1.035,0.735,0.0,2.005,0.105,0.39,0.7878787878787878
9180,288129024,1147300,4.5789999723434445,18.48,10.87,0.59,0.0,2.995583787560463,10.51,0.995,0.525,0.0,1.875,0.13,0.42,0.7636363636363637
9185,288292864,1147794,8.338999919891357,20.28,11.855,0.655,0.0,3.487398386001587,11.22,1.09,0.75,0.0,2.18,0.095,0.36,0.7912087912087912
9190,288456704,1148314,5.835000023841858,18.82,11.095,0.58,0.0,3.8438199758529663,10.4,1.16,0.865,0.0,1.855,0.09,0.435,0.8285714285714286
9195,288620544,1148803,7.67500027179718,19.885,11.885,0.67,0.0,3.418930932879448,11.475,1.03,0.485,0.0,2.06,0.095,0.375,0.7978723404255319
9200,288784384,1149317,5.80324996471405,18.645,10.99,0.615,0.0,3.8551078736782074,10.695,1.04,0.74,0.0,1.895,0.09,0.465,0.8378378378378378
9205,288948224,1149824,4.670499963760376,18.755,11.22,0.635,0.0,3.226840302348137,10.935,1.125,0.74,0.0,1.8,0.175,0.355,0.6698113207547169
9210,289112064,1150320,8.358750338554382,19.835,11.65,0.69,0.0,3.6395567506551743,11.045,0.99,0.895,0.0,2.035,0.11,0.41,0.7884615384615384
9215,289275904,1150823,6.465999569892883,19.28,11.405,0.615,0.0,3.715681940317154,10.555,0.955,0.575,0.0,2.015,0.08,0.39,0.8297872340425532
9220,289439744,1151327,7.13450003027916,20.225,11.78,0.685,0.0,3.0290789753198624,11.155,1.07,0.6,0.0,2.115,0.115,0.375,0.7653061224489796
9225,289603584,1151831,6.546750168800354,19.65,11.695,0.65,0.0,3.9006995409727097,10.805,0.925,0.55,0.0,2.105,0.105,0.325,0.7558139534883721
9230,289767424,1152339,7.8960001230239865,20.085,11.62,0.69,0.0,3.9875865280628204,11.07,1.01,0.745,0.0,2.22,0.085,0.43,0.8349514563106796
9235,289931264,1152858,7.883249955177307,19.9,11.545,0.665,0.0,4.3644911497831345,10.865,1.11,0.735,0.0,2.085,0.11,0.39,0.78
9240,290095104,1153358,8.79174994468689,20.55,12.22,0.735,0.0,3.0516350120306015,11.14,1.01,0.77,0.0,2.04,0.085,0.43,0.8349514563106796
9245,290258944,1153873,6.07624988079071,18.66,10.995,0.59,0.0,3.5881360918283463,10.08,0.855,0.525,0.0,2.015,0.105,0.37,0.7789473684210526
9250,290422784,1154389,6.289000134468079,18.91,11.095,0.555,0.0,4.325021386146545,10.05,0.995,0.645,0.0,1.95,0.155,0.3,0.6593406593406593
9255,290586624,1154860,7.381249904632568,19.75,11.73,0.67,0.0,3.9910910725593567,10.285,0.905,0.725,0.0,2.015,0.14,0.4,0.7407407407407407
9260,290750464,1155373,8.436249976158143,20.15,11.715,0.705,0.0,4.247970595955849,10.63,1.215,0.665,0.0,2.17,0.135,0.335,0.7127659574468085
9265,290914304,1155864,6.59974974155426,19.645,11.54,0.69,0.0,3.8548173755407333,10.795,1.085,0.835,0.0,2.19,0.13,0.395,0.7523809523809524
9270,291078144,1156361,4.784749732017517,18.715,10.97,0.63,0.0,4.652021512389183,10.035,1.045,0.745,0.0,1.975,0.115,0.445,0.7946428571428571
9275,291241984,1156887,5.931999883651733,19.285,11.21,0.635,0.0,4.315685406327248,10.33,0.91,0.72,0.0,2.145,0.14,0.375,0.7281553398058253
9280,291405824,1157378,6.455749745368958,19.445,11.635,0.665,0.0,3.44093756377697,10.95,1.13,0.78,0.0,1.98,0.185,0.39,0.6782608695652174
9285,291569664,1157892,7.091250014305115,19.41,11.31,0.67,0.0,3.389944478869438,10.745,0.975,0.745,0.0,2.1,0.05,0.475,0.9047619047619048
9290,291733504,1158384,8.432250051498412,19.875,11.675,0.62,0.0,4.036853015422821,11.225,1.225,0.62,0.0,2.095,0.13,0.41,0.7592592592592593
9295,291897344,1158893,6.466249933242798,19.365,11.44,0.655,0.0,3.701550841331482,10.89,0.97,0.59,0.0,2.01,0.07,0.34,0.8292682926829268
9300,292061184,1159397,11.194000005722046,20.365,12.03,0.68,0.0,3.6878295987844467,11.695,0.955,0.675,0.0,2.21,0.095,0.345,0.7840909090909091
9305,292225024,1159897,6.934999866485596,19.89,11.525,0.64,0.0,3.884903058409691,11.35,0.975,0.71,0.0,2.09,0.15,0.375,0.7142857142857143
9310,292388864,1160417,5.520750012397766,18.755,11.235,0.64,0.0,3.6688127517700195,10.625,0.895,0.73,0.0,1.76,0.12,0.405,0.7714285714285715
9315,292552704,1160926,5.615999970436096,18.8,10.98,0.6,0.0,3.99719575047493,10.42,1.035,0.61,0.0,1.955,0.145,0.33,0.6947368421052632
9320,292716544,1161444,4.138499855995178,18.61,10.9,0.62,0.0,3.9897858649492264,10.065,1.03,0.75,0.0,1.975,0.11,0.475,0.811965811965812
9325,292880384,1161939,9.12949969291687,19.82,11.72,0.62,0.0,4.449592858552933,11.25,1.175,0.6,0.0,2.025,0.12,0.345,0.7419354838709677
9330,293044224,1162444,8.834750137329102,20.135,11.64,0.645,0.0,3.5624188780784607,11.03,1.22,0.81,0.0,2.185,0.11,0.395,0.7821782178217822
9335,293208064,1162950,4.833499956130981,18.825,11.025,0.585,0.0,3.8603153079748154,10.43,1.145,0.63,0.0,1.95,0.115,0.34,0.7472527472527473
9340,293371904,1163446,6.838249845504761,19.54,11.44,0.605,0.0,4.267102062702179,9.52,1.125,0.64,0.0,2.14,0.15,0.35,0.7
9345,293535744,1163955,4.681499981880188,18.555,10.815,0.56,0.0,3.4506910145282745,9.185,1.255,0.535,0.0,2.095,0.14,0.385,0.7333333333333333
9350,293699584,1164480,7.699499950408936,19.435,11.36,0.63,0.0,4.262994781136513,9.8,1.26,0.715,0.0,2.03,0.105,0.395,0.79
9355,293863424,1165008,2.97874990940094,18.18,10.735,0.62,0.0,3.4498406052589417,9.1,1.185,0.685,0.0,1.94,0.125,0.425,0.7727272727272727
9360,294027264,1165546,6.301500058174133,19.055,11.135,0.625,0.0,3.605320304632187,9.375,1.26,0.675,0.0,2.055,0.115,0.37,0.7628865979381443
9365,294191104,1166080,3.904250202178955,17.885,10.515,0.52,0.0,3.690146893262863,9.085,1.145,0.615,0.0,1.65,0.165,0.35,0.6796116504854369
9370,294354944,1166596,7.1452500438690185,19.76,11.63,0.67,0.0,3.726606860756874,10.09,1.37,0.705,0.0,2.1,0.08,0.435,0.8446601941747572
9375,294518784,1167115,6.086999979019165,19.635,11.59,0.69,0.0,3.4453373551368713,10.285,1.05,0.77,0.0,2.085,0.12,0.38,0.76
9380,294682624,1167638,7.4734999418258665,19.73,11.705,0.635,0.0,4.029858350753784,10.73,0.995,0.685,0.0,2.07,0.13,0.38,0.7450980392156863
9385,294846464,1168151,7.65375,20.1,11.775,0.665,0.0,4.255275338888168,10.76,1.03,0.79,0.0,2.17,0.14,0.44,0.7586206896551724
9390,295010304,1168672,4.289999804496765,18.92,11.095,0.67,0.0,4.130303382873535,9.995,0.86,0.64,0.0,1.925,0.13,0.47,0.7833333333333333
9395,295174144,1169204,5.36500006198883,18.55,11.145,0.585,0.0,3.579295665025711,9.94,1.065,0.57,0.0,1.85,0.09,0.36,0.8
9400,295337984,1169723,3.110499963760376,18.25,10.605,0.6,0.0,3.48027965426445,10.045,1.015,0.495,0.0,1.855,0.12,0.325,0.7303370786516854
9405,295501824,1170250,3.1187500858306887,18.0,10.58,0.55,0.0,3.4481466710567474,9.405,0.995,0.585,0.0,1.875,0.09,0.355,0.797752808988764
9410,295665664,1170754,5.778999943733215,19.095,11.21,0.64,0.0,3.4458989948034286,10.195,0.97,0.72,0.0,2.09,0.155,0.405,0.7232142857142857
9415,295829504,1171271,2.6192499780654908,18.495,10.87,0.62,0.0,3.0129829943180084,9.995,0.875,0.715,0.0,1.905,0.125,0.39,0.7572815533980582
9420,295993344,1171792,5.171249890327454,18.3,10.905,0.59,0.0,3.551799938082695,9.9,0.735,0.715,0.0,1.88,0.12,0.33,0.7333333333333333
9425,296157184,1172318,5.535750014781952,19.41,11.63,0.67,0.0,3.124067261815071,11.0,1.005,0.645,0.0,1.97,0.135,0.4,0.7476635514018691
9430,296321024,1172831,4.514250044822693,18.89,11.2,0.585,0.0,3.907117187976837,10.235,0.875,0.645,0.0,1.965,0.145,0.4,0.7339449541284404
9435,296484864,1173361,6.531750001907349,19.695,11.435,0.67,0.0,4.565459355711937,10.385,0.9,0.755,0.0,2.035,0.165,0.405,0.7105263157894737
9440,296648704,1173867,3.055749983787537,18.23,10.845,0.605,0.0,3.7604143917560577,9.63,0.675,0.685,0.0,1.8,0.14,0.415,0.7477477477477478
9445,296812544,1174375,5.475249891281128,19.02,11.125,0.635,0.0,3.23774191737175,10.28,0.84,0.56,0.0,2.13,0.13,0.34,0.723404255319149
9450,296976384,1174892,6.608500218391418,19.3,11.4,0.675,0.0,3.9594395458698273,10.1,0.8,0.665,0.0,2.0,0.11,0.355,0.7634408602150538
9455,297140224,1175421,3.7402499747276305,18.175,10.645,0.565,0.0,4.096816956996918,8.485,0.87,0.47,0.0,1.985,0.135,0.29,0.6823529411764706
9460,297304064,1175943,7.376000189781189,19.535,11.345,0.64,0.0,3.603078246116638,9.175,0.96,0.785,0.0,2.08,0.095,0.435,0.8207547169811321
9465,297467904,1176467,4.742749881744385,18.485,10.91,0.59,0.0,4.087431371212006,8.9,0.925,0.71,0.0,1.98,0.085,0.405,0.826530612244898
9470,297631744,1176995,6.576500062942505,19.47,11.745,0.665,0.0,4.045657828450203,9.535,0.89,0.705,0.0,2.03,0.1,0.43,0.8113207547169812
9475,297795584,1177507,7.392999892234802,19.555,11.41,0.625,0.0,3.923828139901161,9.72,1.085,0.615,0.0,2.135,0.12,0.37,0.7551020408163265
9480,297959424,1178055,5.038750133514404,18.76,11.0,0.65,0.0,3.1409220099449158,9.28,1.05,0.77,0.0,1.93,0.08,0.38,0.8260869565217391
9485,298123264,1178572,7.717000002861023,19.975,11.87,0.685,0.0,3.846944198012352,10.155,0.98,0.66,0.0,2.17,0.085,0.42,0.8316831683168316
9490,298287104,1179105,3.396749873161316,18.415,10.83,0.6,0.0,3.813737228512764,9.28,0.965,0.54,0.0,1.98,0.075,0.345,0.8214285714285714
9495,298450944,1179635,5.095250101089477,18.61,10.955,0.585,0.0,3.6021354347467422,9.585,0.875,0.615,0.0,1.99,0.125,0.42,0.7706422018348624
9500,298614784,1180166,7.01474962234497,19.25,11.32,0.595,0.0,3.4986351132392883,9.715,0.815,0.94,0.0,1.985,0.14,0.315,0.6923076923076923
9505,298778624,1180684,8.986999773979187,19.515,11.68,0.695,0.0,3.0381691455841064,9.85,0.91,0.49,0.0,2.075,0.095,0.385,0.8020833333333334
9510,298942464,1181221,6.87849992275238,19.415,11.545,0.665,0.0,3.6030642986297607,10.43,0.88,0.535,0.0,2.02,0.115,0.47,0.8034188034188035
9515,299106304,1181748,7.5265000581741335,19.575,11.505,0.675,0.0,3.5799249559640884,10.81,0.865,0.905,0.0,2.135,0.1,0.38,0.7916666666666666
9520,299270144,1182289,3.9785002088546753,18.99,11.095,0.62,0.0,3.7817984372377396,10.13,0.775,0.595,0.0,2.135,0.125,0.405,0.7641509433962265
9525,299433984,1182816,6.224500122070313,19.275,11.29,0.715,0.0,3.3557668030261993,10.34,0.995,0.59,0.0,2.035,0.13,0.405,0.7570093457943925
9530,299597824,1183348,3.824750084877014,18.23,10.715,0.595,0.0,3.6984223127365112,9.955,1.035,0.48,0.0,1.86,0.09,0.32,0.7804878048780488
9535,299761664,1183890,5.518499989509582,19.44,11.315,0.67,0.0,3.4060551524162292,10.805,1.06,0.53,0.0,2.135,0.115,0.295,0.7195121951219512
9540,299925504,1184424,4.001750135421753,18.99,11.115,0.62,0.0,3.204030603170395,10.535,1.03,0.715,0.0,1.97,0.105,0.41,0.7961165048543689
9545,300089344,1184951,6.361499900817871,19.555,11.54,0.71,0.0,2.8720094114542007,10.87,1.085,0.6,0.0,2.045,0.12,0.44,0.7857142857142857
9550,300253184,1185508,3.6804999828338625,18.72,10.925,0.635,0.0,2.9512380212545395,10.48,1.095,0.63,0.0,2.03,0.12,0.46,0.7931034482758621
9555,300417024,1186040,4.056250057220459,18.855,11.255,0.665,0.0,3.2993398755788803,10.32,0.995,0.51,0.0,1.97,0.12,0.33,0.7333333333333333
9560,300580864,1186592,5.4122498512268065,19.08,10.835,0.6,0.0,2.9232390373945236,10.03,0.9,0.705,0.0,2.125,0.115,0.44,0.7927927927927928
9565,300744704,1187148,4.186749911308288,18.545,10.73,0.62,0.0,4.205549851059914,9.985,0.945,0.68,0.0,2.045,0.115,0.39,0.7722772277227723
9570,300908544,1187710,5.200499997138977,18.785,11.16,0.59,0.0,3.7067226618528366,10.45,0.965,0.74,0.0,1.955,0.1,0.34,0.7727272727272727
9575,301072384,1188245,5.410749869346619,18.95,11.18,0.615,0.0,3.183299407362938,10.5,0.915,0.545,0.0,1.97,0.11,0.37,0.7708333333333334
9580,301236224,1188782,5.705750026702881,19.275,11.355,0.67,0.0,3.391565293073654,10.63,1.01,0.56,0.0,2.13,0.1,0.405,0.801980198019802
9585,301400064,1189335,5.5499999141693115,19.055,11.09,0.605,0.0,3.5330908596515656,10.695,1.155,0.49,0.0,1.99,0.13,0.41,0.7592592592592593
9590,301563904,1189881,4.963499956130981,18.925,10.905,0.57,0.0,3.535815805196762,10.15,0.87,0.6,0.0,2.12,0.11,0.41,0.7884615384615384
9595,301727744,1190404,6.492749967575073,18.7,11.115,0.615,0.0,3.874973565340042,10.365,0.92,0.485,0.0,1.855,0.15,0.455,0.7520661157024794
9600,301891584,1190928,4.733499894142151,18.905,11.23,0.63,0.0,3.5824960321187973,10.235,0.945,0.54,0.0,1.93,0.135,0.34,0.7157894736842105
9605,302055424,1191457,4.558999953269958,18.61,10.905,0.565,0.0,4.183981016278267,9.62,0.985,0.5,0.0,1.95,0.14,0.345,0.711340206185567
9610,302219264,1191978,7.971249680519104,19.77,11.735,0.63,0.0,3.709813803434372,10.295,1.14,0.5,0.0,2.17,0.145,0.345,0.7040816326530612
9615,302383104,1192486,9.444749760627747,20.24,11.705,0.655,0.0,3.7613205909729004,11.405,1.385,0.735,0.0,2.26,0.11,0.375,0.7731958762886598
9620,302546944,1193003,7.328250169754028,19.44,11.475,0.645,0.0,4.426285997033119,10.745,1.0,0.555,0.0,2.09,0.09,0.4,0.8163265306122449
9625,302710784,1193529,4.180249972343445,18.485,10.65,0.59,0.0,3.9042961597442627,9.92,1.045,0.66,0.0,1.96,0.15,0.425,0.7391304347826086
9630,302874624,1194047,4.2707500696182255,18.575,10.895,0.59,0.0,3.7275263369083405,10.055,0.935,0.525,0.0,1.94,0.085,0.375,0.8152173913043478
9635,303038464,1194570,5.488750004768372,18.885,11.005,0.57,0.0,4.095337122678757,10.35,1.1,0.395,0.0,1.94,0.125,0.3,0.7058823529411765
9640,303202304,1195071,5.283249926567078,19.06,11.255,0.58,0.0,3.6396809071302414,10.41,0.97,0.785,0.0,2.05,0.14,0.305,0.6853932584269663
9645,303366144,1195575,4.644000163078308,18.69,10.935,0.62,0.0,3.460074320435524,10.085,0.96,0.57,0.0,1.845,0.085,0.33,0.7951807228915663
9650,303529984,1196092,7.640499844551086,19.51,11.49,0.62,0.0,4.308529853820801,10.165,0.85,0.605,0.0,1.97,0.105,0.415,0.7980769230769231
9655,303693824,1196603,5.196999821662903,18.22,10.68,0.53,0.0,4.605028986930847,9.55,0.785,0.665,0.0,1.83,0.1,0.42,0.8076923076923077
9660,303857664,1197116,5.876250395774841,19.415,11.32,0.655,0.0,3.5718645602464676,10.075,1.015,0.52,0.0,2.115,0.11,0.385,0.7777777777777778
9665,304021504,1197635,4.7372499322891235,18.865,11.035,0.545,0.0,3.6781939268112183,9.94,0.765,0.68,0.0,2.06,0.14,0.41,0.7454545454545455
9670,304185344,1198147,2.9940000629425048,18.15,10.37,0.57,0.0,3.892408698797226,9.68,0.85,0.68,0.0,1.83,0.105,0.395,0.79
9675,304349184,1198646,5.95650016784668,19.515,11.515,0.655,0.0,3.4284244775772095,10.745,0.875,0.53,0.0,2.1,0.175,0.385,0.6875
9680,304513024,1199176,2.884000129699707,18.5,10.74,0.55,0.0,3.1134937405586243,9.935,0.865,0.46,0.0,1.97,0.14,0.335,0.7052631578947368
9685,304676864,1199698,4.409499979019165,18.785,11.05,0.565,0.0,3.5514726638793945,10.27,0.695,0.72,0.0,1.885,0.135,0.275,0.6707317073170732
9690,304840704,1200189,7.03175000667572,20.035,12.02,0.685,0.0,3.5597367584705353,11.445,0.665,0.64,0.0,2.045,0.12,0.385,0.7623762376237624
9695,305004544,1200712,6.406499943733215,19.62,11.545,0.66,0.0,3.463697373867035,10.93,0.735,0.68,0.0,2.145,0.135,0.385,0.7403846153846154
9700,305168384,1201251,3.335499949455261,18.3,10.77,0.65,0.0,3.6014440059661865,10.295,0.81,0.515,0.0,1.955,0.09,0.4,0.8163265306122449
9705,305332224,1201758,7.342000155448914,19.49,11.42,0.605,0.0,3.306839168071747,10.445,0.69,0.64,0.0,2.19,0.095,0.4,0.8080808080808081
9710,305496064,1202279,4.422000107765197,18.605,11.045,0.6,0.0,3.708104193210602,10.35,0.79,0.555,0.0,1.85,0.16,0.345,0.6831683168316832
9715,305659904,1202785,7.530000019073486,19.77,11.44,0.675,0.0,3.245636209845543,10.695,0.73,0.645,0.0,2.11,0.13,0.41,0.7592592592592593
9720,305823744,1203299,6.785749793052673,19.14,11.075,0.61,0.0,3.061893939971924,10.925,0.925,0.735,0.0,2.06,0.125,0.405,0.7641509433962265
9725,305987584,1203793,5.794249873161316,19.46,11.295,0.62,0.0,2.9539952278137207,10.745,0.785,0.57,0.0,2.055,0.115,0.345,0.75
9730,306151424,1204323,4.76449987411499,18.6,10.645,0.605,0.0,3.4112473130226135,9.97,0.945,0.775,0.0,1.98,0.165,0.36,0.6857142857142857
9735,306315264,1204829,6.42374990940094,19.39,11.325,0.675,0.0,3.8663584142923355,9.985,0.8,0.645,0.0,2.04,0.14,0.395,0.7383177570093458
9740,306479104,1205327,7.435749931335449,19.7,11.46,0.665,0.0,3.9080545753240585,10.44,1.005,0.79,0.0,2.05,0.11,0.39,0.78
9745,306642944,1205816,9.1512500333786,20.725,12.04,0.715,0.0,4.3888211995363235,10.65,0.815,0.775,0.0,2.315,0.135,0.35,0.7216494845360825
9750,306806784,1206300,7.757750096321106,19.75,11.47,0.645,0.0,4.465623170137405,9.63,0.845,0.66,0.0,2.065,0.135,0.33,0.7096774193548387
9755,306970624,1206816,2.699499988555908,18.47,10.64,0.62,0.0,4.070096701383591,9.11,0.685,0.54,0.0,1.99,0.12,0.32,0.7272727272727273
9760,307134464,1207320,6.346499993801117,19.225,11.2,0.63,0.0,4.0238630175590515,9.67,0.665,0.615,0.0,2.02,0.125,0.41,0.7663551401869159
9765,307298304,1207832,7.259000153541565,19.52,11.26,0.635,0.0,3.8761005848646164,9.25,0.565,0.745,0.0,2.14,0.09,0.49,0.8448275862068966
9770,307462144,1208334,9.417250061035157,20.42,12.03,0.69,0.0,4.629933416843414,10.465,0.86,0.695,0.0,2.285,0.11,0.4,0.7843137254901961
9775,307625984,1208859,7.968499917984008,19.425,11.365,0.64,0.0,3.418642297387123,9.555,0.765,0.845,0.0,2.045,0.155,0.405,0.7232142857142857
9780,307789824,1209357,6.7349999904632565,19.205,11.375,0.645,0.0,3.8002927154302597,9.67,0.7,0.8,0.0,2.025,0.155,0.34,0.6868686868686869
9785,307953664,1209884,5.45799985408783,18.905,11.095,0.635,0.0,3.8168732076883316,9.675,0.675,0.53,0.0,1.915,0.1,0.33,0.7674418604651163
9790,308117504,1210399,5.715249862670898,19.235,11.315,0.625,0.0,4.2404185980558395,9.725,0.81,0.72,0.0,1.95,0.085,0.44,0.8380952380952381
9795,308281344,1210905,7.441999974250794,19.74,11.495,0.64,0.0,4.752120211720467,9.62,0.91,0.92,0.0,2.075,0.135,0.31,0.6966292134831461
9800,308445184,1211432,7.439749927520752,19.95,11.575,0.725,0.0,3.7223936021327972,9.9,0.925,0.73,0.0,2.255,0.075,0.375,0.8333333333333334
9805,308609024,1211953,9.065499653816223,20.68,12.135,0.72,0.0,3.495988577604294,10.395,1.055,1.0,0.0,2.165,0.155,0.44,0.7394957983193278
9810,308772864,1212467,6.5842498254776,19.655,11.475,0.64,0.0,3.662172555923462,9.96,1.085,0.52,0.0,2.14,0.115,0.425,0.7870370370370371
9815,308936704,1212962,7.050499782562256,19.845,11.56,0.68,0.0,4.00621110200882,10.075,1.165,0.675,0.0,2.015,0.18,0.455,0.7165354330708661
9820,309100544,1213469,9.069500107765197,20.365,12.045,0.675,0.0,3.720038279891014,10.345,0.9,0.69,0.0,2.245,0.125,0.405,0.7641509433962265
9825,309264384,1213965,8.337250056266784,20.64,12.025,0.71,0.0,3.3995870798826218,10.38,1.07,0.685,0.0,2.175,0.125,0.38,0.7524752475247525
9830,309428224,1214472,6.970500135421753,19.255,11.255,0.62,0.0,4.249999850988388,9.74,0.885,0.66,0.0,1.965,0.095,0.41,0.8118811881188119
9835,309592064,1214981,6.723250107765198,19.715,11.545,0.675,0.0,3.408318370580673,10.315,1.065,0.65,0.0,2.105,0.2,0.355,0.6396396396396397
9840,309755904,1215489,7.792999877929687,19.615,11.535,0.66,0.0,4.113085374236107,10.155,0.77,0.985,0.0,2.06,0.125,0.405,0.7641509433962265
9845,309919744,1215976,7.1337501382827755,19.55,11.57,0.615,0.0,3.8631546646356583,10.04,0.865,0.67,0.0,2.085,0.105,0.37,0.7789473684210526
9850,310083584,1216474,7.399000005722046,19.58,11.425,0.595,0.0,3.5816397964954376,10.105,0.785,0.68,0.0,2.2,0.105,0.4,0.7920792079207921
9855,310247424,1216975,7.195250134468079,19.125,11.26,0.6,0.0,3.8857772648334503,9.725,0.98,0.88,0.0,1.99,0.13,0.335,0.7204301075268817
9860,310411264,1217475,5.082999978065491,19.145,11.185,0.67,0.0,3.889450326561928,9.79,0.925,0.575,0.0,1.98,0.135,0.43,0.7610619469026548
9865,310575104,1217982,7.851499714851379,19.64,11.515,0.67,0.0,4.287964850664139,9.915,0.85,0.545,0.0,2.145,0.155,0.44,0.7394957983193278
9870,310738944,1218477,10.483500003814697,20.21,11.905,0.67,0.0,4.294891655445099,10.355,0.98,0.81,0.0,2.115,0.125,0.445,0.7807017543859649
9875,310902784,1218976,4.832000117301941,18.82,11.015,0.59,0.0,4.60080660879612,9.735,0.93,0.505,0.0,2.075,0.105,0.355,0.7717391304347826
9880,311066624,1219487,6.3517502546310425,19.385,11.25,0.645,0.0,3.539644867181778,9.745,1.05,0.625,0.0,2.15,0.145,0.39,0.7289719626168224
9885,311230464,1220006,4.932999815940857,18.28,10.815,0.58,0.0,4.17770653963089,9.915,0.965,0.5,0.0,1.88,0.135,0.44,0.7652173913043478
9890,311394304,1220501,6.357500057220459,19.355,11.36,0.62,0.0,3.424116373062134,10.36,0.98,0.815,0.0,1.945,0.135,0.37,0.7326732673267327
9895,311558144,1221018,6.344749846458435,19.475,11.285,0.625,0.0,3.840432047843933,9.82,1.095,0.63,0.0,2.1,0.145,0.415,0.7410714285714286
9900,311721984,1221547,4.568500065803528,18.98,11.3,0.605,0.0,3.898381233215332,9.88,0.99,0.595,0.0,1.895,0.125,0.36,0.7422680412371134
9905,311885824,1222078,6.426749811172486,19.59,11.58,0.645,0.0,3.935192286968231,9.96,1.04,0.77,0.0,1.94,0.13,0.385,0.7475728155339806
9910,312049664,1222583,8.265500073432923,19.935,11.59,0.63,0.0,3.356876462697983,9.93,1.07,0.8,0.0,2.125,0.11,0.37,0.7708333333333334
9915,312213504,1223107,5.725250034332276,19.375,11.4,0.625,0.0,3.4941010177135468,9.8,0.91,0.705,0.0,2.035,0.135,0.39,0.7428571428571429
9920,312377344,1223609,8.510500245094299,19.92,11.585,0.62,0.0,3.446558728814125,9.85,0.92,0.635,0.0,2.22,0.12,0.32,0.7272727272727273
9925,312541184,1224106,7.5577498626708985,20.23,11.69,0.705,0.0,3.7137412428855896,9.625,1.02,0.95,0.0,2.075,0.145,0.36,0.7128712871287128
9930,312705024,1224613,8.590750241279602,19.97,11.72,0.635,0.0,3.572242170572281,9.825,1.015,0.645,0.0,2.075,0.13,0.45,0.7758620689655172
9935,312868864,1225132,6.353999729156494,20.04,11.64,0.715,0.0,4.107813373208046,9.875,0.94,0.785,0.0,2.28,0.11,0.315,0.7411764705882353
9940,313032704,1225637,7.877749967575073,19.665,11.43,0.595,0.0,3.4098316580057144,9.67,1.03,0.69,0.0,2.045,0.12,0.375,0.7575757575757576
9945,313196544,1226147,8.63974989414215,20.04,11.72,0.65,0.0,4.486236780881882,10.23,1.07,0.73,0.0,2.295,0.11,0.38,0.7755102040816326
9950,313360384,1226663,5.997499866485596,19.045,11.205,0.61,0.0,3.9657775312662125,9.63,0.915,0.815,0.0,2.065,0.15,0.445,0.7478991596638656
9955,313524224,1227181,6.455999999046326,19.215,11.285,0.645,0.0,4.446533903479576,9.745,0.98,0.65,0.0,1.965,0.08,0.345,0.8117647058823529
9960,313688064,1227692,4.431500072479248,18.67,11.025,0.595,0.0,4.089958518743515,9.36,0.86,0.65,0.0,1.9,0.145,0.375,0.7211538461538461
9965,313851904,1228175,11.989249761104583,20.94,12.4,0.71,0.0,5.20549350976944,11.05,0.865,0.8,0.0,2.28,0.16,0.445,0.7355371900826446
9970,314015744,1228659,11.200750074386598,20.73,12.39,0.68,0.0,3.812047064304352,10.605,1.03,0.635,0.0,2.155,0.11,0.43,0.7962962962962963
9975,314179584,1229179,5.169750118255616,19.325,11.35,0.63,0.0,3.7476734817028046,9.67,0.85,0.765,0.0,2.04,0.095,0.41,0.8118811881188119
9980,314343424,1229673,9.849999899864196,20.005,11.665,0.645,0.0,3.6962959617376328,10.305,1.005,0.885,0.0,2.07,0.17,0.42,0.711864406779661
9985,314507264,1230163,10.401750054359436,20.845,12.2,0.68,0.0,4.095447599887848,10.045,1.09,0.695,0.0,2.355,0.125,0.39,0.7572815533980582
9990,314671104,1230671,7.295000138282776,19.045,11.095,0.61,0.0,3.8036716133356094,9.675,1.06,0.58,0.0,1.98,0.11,0.42,0.7924528301886793
9995,314834944,1231172,4.851000127792358,19.435,11.545,0.68,0.0,3.2649352103471756,9.905,1.01,0.56,0.0,2.07,0.1,0.455,0.8198198198198198
10000,314998784,1231689,8.37824999332428,19.94,11.54,0.635,0.0,3.7844355702400208,10.115,1.165,0.88,0.0,2.1,0.12,0.445,0.7876106194690266
10005,315162624,1232222,6.846249785423279,19.18,11.175,0.6,0.0,3.833733841776848,9.435,1.075,0.69,0.0,1.95,0.12,0.44,0.7857142857142857
10010,315326464,1232723,5.660499768257141,18.595,10.92,0.59,0.0,4.590633928775787,9.635,1.025,0.795,0.0,1.895,0.12,0.36,0.75
10015,315490304,1233235,6.670250072479248,19.275,11.42,0.615,0.0,4.040865167975426,10.455,1.06,0.495,0.0,1.805,0.125,0.405,0.7641509433962265
10020,315654144,1233749,7.404499802589417,19.525,11.45,0.615,0.0,4.722370013594627,10.24,0.93,0.805,0.0,2.165,0.09,0.35,0.7954545454545454
10025,315817984,1234258,7.329499821662903,20.17,11.8,0.645,0.0,3.4516442865133286,10.49,0.88,0.84,0.0,2.22,0.12,0.45,0.7894736842105263
10030,315981824,1234779,11.877500123977661,20.825,12.12,0.705,0.0,4.48901142179966,10.6,1.0,0.815,0.0,2.245,0.135,0.45,0.7692307692307693
10035,316145664,1235314,6.497249941825867,19.705,11.165,0.6,0.0,4.962995797395706,10.51,1.15,0.73,0.0,2.14,0.155,0.43,0.7350427350427351
10040,316309504,1235807,8.723999724388122,20.47,12.13,0.715,0.0,4.332143723964691,10.7,0.92,0.735,0.0,2.23,0.155,0.355,0.696078431372549
10045,316473344,1236312,8.073999934196472,20.085,11.72,0.69,0.0,4.1628082394599915,9.745,0.935,0.63,0.0,2.15,0.13,0.395,0.7523809523809524
10050,316637184,1236810,3.7125000810623168,18.45,10.815,0.575,0.0,4.130304843187332,9.37,0.905,0.895,0.0,1.88,0.11,0.41,0.7884615384615384
10055,316801024,1237352,2.3840001440048217,17.955,10.315,0.545,0.0,3.5247653126716614,8.815,0.875,0.61,0.0,1.87,0.09,0.34,0.7906976744186046
10060,316964864,1237849,5.339500007629394,19.025,11.075,0.605,0.0,3.3823017328977585,10.125,0.84,0.74,0.0,2.035,0.135,0.375,0.7352941176470589
10065,317128704,1238349,6.141499977111817,19.185,11.225,0.63,0.0,3.302953913807869,9.89,0.86,0.84,0.0,1.97,0.115,0.325,0.7386363636363636
10070,317292544,1238831,7.6322499895095826,19.355,11.335,0.63,0.0,4.096164599061012,10.04,0.935,0.825,0.0,1.95,0.125,0.315,0.7159090909090909
10075,317456384,1239319,7.257750113010406,19.985,11.56,0.67,0.0,3.629030540585518,10.3,0.945,0.47,0.0,2.165,0.155,0.38,0.7102803738317757
10080,317620224,1239807,7.549000239372253,20.455,11.72,0.685,0.0,3.800390601158142,10.48,0.985,0.655,0.0,2.185,0.125,0.375,0.75
10085,317784064,1240298,5.461250052452088,19.49,11.55,0.67,0.0,3.7316341549158096,9.915,0.85,0.525,0.0,2.03,0.105,0.39,0.7878787878787878
10090,317947904,1240768,7.485500218868256,19.685,11.58,0.67,0.0,3.814794883131981,9.885,0.915,0.69,0.0,2.095,0.13,0.315,0.7078651685393258
10095,318111744,1241287,4.047499785423279,18.94,11.195,0.605,0.0,3.3871531039476395,9.41,0.795,0.765,0.0,2.0,0.135,0.27,0.6666666666666666
10100,318275584,1241766,7.274750051498413,20.305,11.97,0.67,0.0,3.469220906496048,10.055,0.96,0.86,0.0,2.225,0.115,0.43,0.7889908256880734
10105,318439424,1242287,4.240500087738037,19.045,11.145,0.65,0.0,3.2765854746103287,9.235,0.985,0.675,0.0,2.0,0.16,0.37,0.6981132075471698
10110,318603264,1242804,5.871750068664551,19.545,11.34,0.665,0.0,2.801049157977104,9.55,0.93,0.61,0.0,2.275,0.135,0.315,0.7
10115,318767104,1243301,5.847999887466431,19.32,11.375,0.67,0.0,3.4196438640356064,9.825,0.84,0.665,0.0,1.965,0.1,0.42,0.8076923076923077
10120,318930944,1243814,4.448000111579895,18.25,10.61,0.55,0.0,3.432419568300247,9.645,0.98,0.69,0.0,1.88,0.115,0.355,0.7553191489361702
10125,319094784,1244332,4.11000009059906,18.57,10.865,0.625,0.0,4.0269249975681305,9.695,0.83,0.69,0.0,1.93,0.13,0.35,0.7291666666666666
10130,319258624,1244835,7.606249856948852,19.515,11.455,0.66,0.0,3.6868436336517334,10.375,1.035,0.68,0.0,1.99,0.135,0.42,0.7567567567567568
10135,319422464,1245331,6.527249803543091,19.845,11.65,0.635,0.0,3.9145985394716263,10.47,1.095,0.745,0.0,2.19,0.155,0.37,0.7047619047619048
10140,319586304,1245820,5.991749939918518,19.235,11.355,0.64,0.0,4.280358761548996,10.48,1.075,0.855,0.0,1.935,0.11,0.32,0.7441860465116279
10145,319750144,1246317,7.334999952316284,19.9,11.84,0.72,0.0,12.09583494067192,10.69,0.995,0.545,0.0,2.055,0.14,0.4,0.7407407407407407
10150,319913984,1246818,7.1547497415542605,19.5,11.565,0.63,0.0,9.49285477399826,10.64,0.95,0.765,0.0,2.005,0.175,0.48,0.732824427480916
10155,320077824,1247303,6.976750142574311,20.095,11.755,0.725,0.0,343.19226107001305,10.705,1.0,0.615,0.0,2.15,0.12,0.36,0.75
10160,320241664,1247799,7.915000052452087,19.905,11.765,0.7,0.0,3.2748622745275497,11.11,0.955,0.755,0.0,2.12,0.125,0.37,0.7474747474747475
10165,320405504,1248307,6.379750046730042,19.625,11.33,0.67,0.0,3.086328312754631,10.7,0.985,0.55,0.0,2.105,0.09,0.375,0.8064516129032258
10170,320569344,1248818,8.053249931335449,19.925,11.68,0.635,0.0,3.3725688755512238,11.305,1.145,0.675,0.0,2.09,0.13,0.435,0.7699115044247787
10175,320733184,1249342,4.919999942779541,19.55,11.395,0.645,0.0,3.41083125770092,10.965,1.025,0.48,0.0,2.09,0.11,0.425,0.794392523364486
10180,320897024,1249858,6.444749836921692,19.255,11.41,0.63,0.0,3.7016269713640213,10.78,0.97,0.565,0.0,2.045,0.12,0.375,0.7575757575757576
10185,321060864,1250357,6.889000144004822,19.67,11.56,0.695,0.0,4.128168493509293,10.56,1.15,0.63,0.0,2.095,0.1,0.385,0.7938144329896907
10190,321224704,1250857,7.430749850273132,19.575,11.42,0.65,0.0,4.4483359307050705,10.825,1.055,0.53,0.0,2.245,0.16,0.36,0.6923076923076923
10195,321388544,1251349,5.710999574661255,19.35,11.495,0.63,0.0,3.577245205640793,10.57,0.995,0.56,0.0,1.915,0.13,0.33,0.717391304347826
10200,321552384,1251853,5.097000036239624,19.36,11.45,0.67,0.0,3.586324915289879,10.575,0.995,0.715,0.0,2.02,0.105,0.34,0.7640449438202247
10205,321716224,1252350,8.181999926567078,20.28,11.9,0.665,0.0,4.051721438765526,10.92,1.15,0.78,0.0,2.11,0.145,0.33,0.6947368421052632
10210,321880064,1252862,8.796999959945678,19.605,11.605,0.62,0.0,4.619090229272842,10.275,1.08,0.58,0.0,2.06,0.09,0.38,0.8085106382978723
10215,322043904,1253368,7.022000422477722,19.49,11.435,0.63,0.0,4.468961805105209,10.21,0.99,0.73,0.0,2.22,0.115,0.32,0.735632183908046
10220,322207744,1253861,8.25699977874756,19.84,11.49,0.665,0.0,4.612695753574371,10.415,0.935,0.865,0.0,2.11,0.12,0.435,0.7837837837837838
10225,322371584,1254364,8.718000283241272,19.8,11.705,0.625,0.0,4.587251365184784,10.415,0.855,0.82,0.0,2.075,0.09,0.44,0.8301886792452831
10230,322535424,1254850,9.940250020027161,20.45,12.1,0.675,0.0,3.900979056954384,10.57,1.1,0.69,0.0,2.165,0.15,0.385,0.719626168224299
10235,322699264,1255358,7.0852500915527346,19.54,11.52,0.645,0.0,5.161854684352875,10.015,1.11,0.62,0.0,1.98,0.12,0.41,0.7735849056603774
10240,322863104,1255862,6.258749804496765,19.505,11.385,0.625,0.0,3.838724657893181,9.905,1.21,0.84,0.0,1.925,0.115,0.39,0.7722772277227723
10245,323026944,1256359,9.097500147819519,20.04,11.875,0.67,0.0,4.672987207770348,10.155,1.095,0.78,0.0,2.11,0.145,0.39,0.7289719626168224
10250,323190784,1256855,8.630999717712402,19.905,11.645,0.685,0.0,3.8717698603868484,10.565,1.095,0.56,0.0,2.22,0.185,0.375,0.6696428571428571
10255,323354624,1257368,4.453749995231629,18.845,11.085,0.615,0.0,3.8534808605909348,9.805,0.845,0.805,0.0,1.965,0.045,0.405,0.9
10260,323518464,1257860,7.170249977111816,19.475,11.3,0.635,0.0,3.9715651869773865,10.0,0.915,0.725,0.0,2.045,0.105,0.4,0.7920792079207921
10265,323682304,1258357,5.0495000123977665,18.625,11.19,0.59,0.0,4.159746393561363,9.485,0.955,0.625,0.0,1.89,0.14,0.34,0.7083333333333334
10270,323846144,1258849,6.234000186920166,19.505,11.34,0.61,0.0,3.6375322192907333,9.885,1.125,0.655,0.0,2.095,0.13,0.365,0.7373737373737373
10275,324009984,1259336,8.236249871253968,19.745,11.53,0.6,0.0,4.635693058371544,10.36,0.95,0.565,0.0,2.175,0.095,0.37,0.7956989247311828
10280,324173824,1259825,10.136250257492065,20.295,11.87,0.67,0.0,4.600806921720505,10.83,1.09,0.51,0.0,2.15,0.135,0.43,0.7610619469026548
10285,324337664,1260328,6.669999856948852,19.27,11.325,0.625,0.0,3.7442776560783386,10.255,0.97,0.65,0.0,2.135,0.095,0.415,0.8137254901960784
10290,324501504,1260810,8.166500129699706,20.13,11.715,0.67,0.0,3.858907461166382,10.41,0.885,0.795,0.0,2.055,0.125,0.44,0.7787610619469026
10295,324665344,1261300,6.902750005722046,19.91,11.595,0.655,0.0,4.197967618703842,10.445,0.875,0.595,0.0,2.22,0.125,0.335,0.7282608695652174
10300,324829184,1261806,3.5797500467300414,18.54,10.79,0.595,0.0,4.22841115295887,9.45,0.91,0.645,0.0,1.84,0.115,0.355,0.7553191489361702
10305,324993024,1262293,8.409999990463257,20.635,12.115,0.74,0.0,3.8667913526296616,10.58,1.055,0.795,0.0,2.19,0.155,0.46,0.7479674796747967
10310,325156864,1262787,6.645000133514404,19.89,11.51,0.645,0.0,3.8107692897319794,9.9,0.89,0.99,0.0,2.14,0.135,0.455,0.7711864406779662
10315,325320704,1263272,7.7762499523162845,19.98,11.76,0.71,0.0,3.6982911825180054,10.225,0.845,0.75,0.0,2.04,0.14,0.52,0.7878787878787878
10320,325484544,1263762,6.280999937057495,19.405,11.525,0.6,0.0,3.8070517778396606,9.815,0.61,0.55,0.0,2.035,0.06,0.41,0.8723404255319149
10325,325648384,1264244,9.087749800682069,20.5,12.055,0.71,0.0,3.410862311720848,10.35,0.785,0.72,0.0,2.25,0.11,0.32,0.7441860465116279
10330,325812224,1264724,9.97074990272522,20.27,11.775,0.62,0.0,3.834429159760475,10.3,0.715,0.81,0.0,2.31,0.1,0.45,0.8181818181818182
10335,325976064,1265218,7.966749856472015,19.56,11.39,0.65,0.0,4.2581783682107925,10.335,0.815,0.74,0.0,2.06,0.105,0.385,0.7857142857142857
10340,326139904,1265705,8.122500033378602,20.275,11.895,0.675,0.0,5.1671551167964935,10.68,0.855,0.8,0.0,2.13,0.125,0.425,0.7727272727272727
10345,326303744,1266211,6.599000039100647,19.315,11.4,0.65,0.0,3.8659797608852386,10.4,0.895,0.735,0.0,2.07,0.125,0.355,0.7395833333333334
10350,326467584,1266703,10.768249969482422,20.415,12.125,0.66,0.0,4.008443251252174,10.84,0.965,0.895,0.0,2.205,0.075,0.39,0.8387096774193549
10355,326631424,1267215,5.528999676704407,19.125,11.25,0.635,0.0,4.02552504837513,10.22,0.855,0.725,0.0,2.05,0.12,0.335,0.7362637362637363
10360,326795264,1267708,7.959750151634216,19.935,11.575,0.65,0.0,4.1401606798172,10.25,0.905,0.795,0.0,2.12,0.11,0.49,0.8166666666666667
10365,326959104,1268206,7.901000075340271,20.135,11.96,0.705,0.0,3.573773592710495,10.58,0.905,0.425,0.0,2.115,0.14,0.35,0.7142857142857143
10370,327122944,1268691,7.008749945163727,19.43,11.45,0.64,0.0,4.249727129936218,9.66,1.055,0.505,0.0,2.045,0.13,0.46,0.7796610169491526
10375,327286784,1269155,8.482999982833862,20.27,12.0,0.69,0.0,3.945195645093918,10.375,0.815,0.575,0.0,2.165,0.15,0.445,0.7478991596638656
10380,327450624,1269664,6.572999968528747,19.835,11.73,0.66,0.0,4.251390740275383,10.095,0.82,0.74,0.0,2.205,0.125,0.36,0.7422680412371134
10385,327614464,1270150,8.770749859809875,20.475,12.14,0.68,0.0,3.9777278006076813,10.29,0.92,0.73,0.0,2.225,0.105,0.445,0.8090909090909091
10390,327778304,1270643,8.788749747276306,20.395,11.86,0.71,0.0,4.04278302192688,9.84,1.135,0.915,0.0,2.195,0.145,0.33,0.6947368421052632
10395,327942144,1271150,6.302749962806701,19.2,11.315,0.63,0.0,4.2161868661642075,9.65,1.04,0.52,0.0,2.025,0.1,0.395,0.797979797979798
10400,328105984,1271637,4.4835000276565555,19.765,11.57,0.68,0.0,4.860009998083115,10.1,1.005,0.5,0.0,2.09,0.16,0.45,0.7377049180327869
10405,328269824,1272142,8.884750094413757,20.42,11.87,0.655,0.0,5.3596621453762054,10.775,1.095,0.575,0.0,2.18,0.14,0.405,0.7431192660550459
10410,328433664,1272658,7.526000170707703,20.69,11.915,0.67,0.0,6.196733474731445,10.485,0.945,0.665,0.0,2.285,0.145,0.43,0.7478260869565218
10415,328597504,1273148,7.798999929428101,20.095,11.75,0.69,0.0,7.277451455593109,10.32,1.015,0.61,0.0,2.24,0.12,0.395,0.7669902912621359
10420,328761344,1273660,6.148249998092651,19.725,11.535,0.685,0.0,4.084658429026604,9.915,1.025,0.795,0.0,1.995,0.105,0.43,0.8037383177570093
10425,328925184,1274149,8.202000079154969,20.285,11.99,0.675,0.0,4.508901923894882,10.845,0.985,0.615,0.0,2.195,0.115,0.435,0.7909090909090909
10430,329089024,1274683,5.607749962806702,19.235,11.18,0.64,0.0,4.700883656740189,9.895,1.115,0.545,0.0,2.035,0.16,0.395,0.7117117117117117
10435,329252864,1275220,5.394249706268311,18.405,10.825,0.545,0.0,3.7934701442718506,9.435,0.93,0.755,0.0,1.955,0.09,0.37,0.8043478260869565
10440,329416704,1275742,7.024750080108642,19.84,11.68,0.62,0.0,3.977555423974991,9.81,0.94,0.72,0.0,2.025,0.115,0.47,0.8034188034188035
10445,329580544,1276246,7.237750072479248,20.205,11.84,0.66,0.0,3.7101044952869415,10.13,1.085,0.73,0.0,2.21,0.075,0.435,0.8529411764705882
10450,329744384,1276735,10.761000032424926,20.715,12.3,0.71,0.0,4.04743355512619,10.25,1.22,0.62,0.0,2.29,0.16,0.47,0.746031746031746
10455,329908224,1277215,6.727000060081482,20.33,11.76,0.705,0.0,4.008850634098053,10.19,0.95,0.71,0.0,2.125,0.11,0.405,0.7864077669902912
10460,330072064,1277707,7.300500040054321,19.905,11.66,0.645,0.0,3.523590013384819,10.35,1.005,0.845,0.0,2.085,0.125,0.36,0.7422680412371134
10465,330235904,1278189,8.71475004673004,20.625,12.18,0.675,0.0,4.009827733039856,10.71,0.88,0.635,0.0,2.305,0.14,0.4,0.7407407407407407
10470,330399744,1278684,6.761249914169311,20.2,11.905,0.68,0.0,2.884008213877678,10.425,0.955,0.6,0.0,2.21,0.115,0.38,0.7676767676767676
10475,330563584,1279174,5.23650016784668,19.455,11.355,0.6,0.0,3.6733285784721375,10.105,0.76,0.715,0.0,1.95,0.095,0.355,0.7888888888888889
10480,330727424,1279649,10.598749775886535,21.41,12.52,0.72,0.0,3.571223571896553,11.37,0.875,0.72,0.0,2.39,0.135,0.45,0.7692307692307693
10485,330891264,1280140,11.312749924659729,20.39,12.065,0.67,0.0,3.3878546208143234,10.355,0.6,0.925,0.0,2.23,0.125,0.39,0.7572815533980582
10490,331055104,1280640,8.472499952316284,20.255,12.045,0.685,0.0,4.137879103422165,10.555,0.65,0.82,0.0,2.12,0.13,0.345,0.7263157894736842
10495,331218944,1281114,11.486750097274781,21.36,12.57,0.72,0.0,3.7617061883211136,10.69,0.91,0.79,0.0,2.305,0.13,0.545,0.8074074074074075
10500,331382784,1281628,8.152250037193298,19.945,11.705,0.65,0.0,3.962157979607582,10.185,0.83,0.53,0.0,2.165,0.12,0.385,0.7623762376237624
10505,331546624,1282118,7.561999940872193,19.685,11.69,0.655,0.0,4.201371669769287,9.965,0.9,0.745,0.0,2.055,0.075,0.39,0.8387096774193549
10510,331710464,1282630,8.728999700546265,20.3,11.9,0.68,0.0,3.809210777282715,10.425,0.8,0.705,0.0,2.205,0.15,0.39,0.7222222222222222
10515,331874304,1283158,5.914249982833862,19.78,11.56,0.66,0.0,4.307604521512985,9.89,0.81,0.795,0.0,2.065,0.11,0.49,0.8166666666666667
10520,332038144,1283659,8.385999960899353,20.53,12.44,0.71,0.0,3.783741757273674,11.27,0.8,0.735,0.0,2.17,0.09,0.39,0.8125
10525,332201984,1284190,6.2000000858306885,19.72,11.64,0.67,0.0,4.439292728900909,10.755,0.76,0.785,0.0,1.91,0.115,0.44,0.7927927927927928
10530,332365824,1284696,6.226499991416931,19.745,11.385,0.66,0.0,4.234786808490753,10.38,0.91,0.775,0.0,2.215,0.13,0.47,0.7833333333333333
10535,332529664,1285219,6.004749841690064,19.325,11.285,0.655,0.0,3.6945187002420425,10.645,0.815,0.915,0.0,2.07,0.095,0.435,0.8207547169811321
10540,332693504,1285735,9.719750032424926,20.7,12.135,0.725,0.0,4.428339451551437,11.69,0.975,0.675,0.0,2.145,0.155,0.455,0.7459016393442623
10545,332857344,1286255,8.290749707221984,19.935,11.99,0.65,0.0,4.7966373562812805,10.91,0.61,0.685,0.0,2.075,0.09,0.365,0.8021978021978022
10550,333021184,1286749,7.5167499446868895,20.095,11.98,0.68,0.0,3.868790864944458,10.85,0.71,0.75,0.0,2.19,0.125,0.415,0.7685185185185185
10555,333185024,1287256,8.59524992465973,20.54,12.195,0.69,0.0,3.9912876933813095,11.255,0.79,0.795,0.0,2.095,0.13,0.48,0.7868852459016393
10560,333348864,1287753,6.041249971389771,19.495,11.62,0.62,0.0,3.536807507276535,10.325,1.0,0.63,0.0,2.06,0.115,0.36,0.7578947368421053
10565,333512704,1288240,7.306249895095825,19.835,11.685,0.69,0.0,3.5488614290952682,10.225,0.97,0.815,0.0,2.125,0.14,0.36,0.72
10570,333676544,1288732,8.65325005531311,20.235,11.875,0.66,0.0,3.5859195441007614,10.18,0.88,0.705,0.0,2.19,0.1,0.43,0.8113207547169812
10575,333840384,1289221,10.08124990940094,20.62,12.195,0.66,0.0,3.5011129677295685,11.075,0.815,0.745,0.0,2.235,0.095,0.375,0.7978723404255319
10580,334004224,1289719,9.118249835968017,20.295,11.855,0.655,0.0,4.415100261569023,10.135,0.675,0.705,0.0,2.185,0.135,0.52,0.7938931297709924
10585,334168064,1290222,7.553000202178955,19.445,11.49,0.665,0.0,4.064350977540016,9.81,0.715,0.61,0.0,1.995,0.12,0.395,0.7669902912621359
10590,334331904,1290694,9.865999932289123,20.705,12.09,0.715,0.0,3.6507948487997055,10.39,0.75,0.9,0.0,2.34,0.125,0.405,0.7641509433962265
10595,334495744,1291181,9.797000007629395,20.735,12.275,0.705,0.0,3.5470860600471497,10.79,0.805,0.585,0.0,2.09,0.15,0.41,0.7321428571428571
10600,334659584,1291653,11.647500176429748,21.515,12.63,0.74,0.0,4.465232193470001,11.155,0.94,0.865,0.0,2.285,0.145,0.495,0.7734375
10605,334823424,1292130,9.100499966144561,20.52,12.1,0.715,0.0,4.29327991604805,10.64,0.8,0.96,0.0,2.165,0.155,0.39,0.7155963302752294
10610,334987264,1292616,12.47,21.14,12.525,0.72,0.0,5.555110484361649,10.94,0.72,0.715,0.0,2.3,0.095,0.425,0.8173076923076923
10615,335151104,1293089,11.128250012397766,20.99,12.295,0.72,0.0,4.1485660672187805,10.865,0.97,1.06,0.0,2.37,0.12,0.43,0.7818181818181819
10620,335314944,1293583,10.433499960899352,20.425,12.075,0.695,0.0,4.507718726992607,10.79,0.715,0.885,0.0,2.16,0.125,0.38,0.7524752475247525
10625,335478784,1294070,8.261499962806703,20.035,11.805,0.685,0.0,4.666138827800751,10.59,0.63,0.655,0.0,2.1,0.095,0.415,0.8137254901960784
10630,335642624,1294558,9.845499954223634,20.21,11.89,0.675,0.0,4.119064211845398,10.85,0.66,0.57,0.0,2.07,0.12,0.375,0.7575757575757576
10635,335806464,1295030,10.67275013923645,21.265,12.55,0.725,0.0,3.7176953852176666,11.19,0.745,0.71,0.0,2.25,0.155,0.49,0.7596899224806202
10640,335970304,1295522,7.108249998092651,20.17,11.84,0.675,0.0,4.512079119682312,10.77,0.745,0.51,0.0,2.115,0.12,0.425,0.7798165137614679
10645,336134144,1296014,9.144499859809876,20.955,12.19,0.695,0.0,4.149469763040543,10.445,0.69,0.785,0.0,2.345,0.105,0.4,0.7920792079207921
10650,336297984,1296510,8.328250055313111,19.945,11.605,0.63,0.0,4.116857439279556,10.25,0.565,0.615,0.0,2.24,0.095,0.395,0.8061224489795918
10655,336461824,1296991,9.002000112533569,19.96,11.775,0.69,0.0,4.301728770136833,10.61,0.68,0.79,0.0,2.16,0.08,0.365,0.8202247191011236
10660,336625664,1297472,7.9907498455047605,20.145,11.695,0.65,0.0,3.9325038492679596,11.065,0.79,0.68,0.0,2.155,0.115,0.405,0.7788461538461539
10665,336789504,1297970,8.919749855995178,20.36,11.995,0.76,0.0,4.041858687996864,11.03,0.7,0.715,0.0,2.15,0.155,0.41,0.7256637168141593
10670,336953344,1298441,11.521500053405761,21.24,12.645,0.76,0.0,3.7668846994638443,11.315,0.8,0.9,0.0,2.335,0.185,0.43,0.6991869918699187
10675,337117184,1298930,7.377999877929687,19.775,11.44,0.615,0.0,3.197175234556198,9.16,0.875,0.69,0.0,2.17,0.095,0.395,0.8061224489795918
10680,337281024,1299402,10.562999911308289,20.51,12.26,0.68,0.0,3.6200613379478455,9.785,0.86,0.82,0.0,2.2,0.13,0.395,0.7523809523809524
10685,337444864,1299883,6.089500072002411,19.755,11.76,0.715,0.0,4.425887748599052,9.74,0.725,0.685,0.0,2.05,0.11,0.36,0.7659574468085106
10690,337608704,1300372,8.157750010490417,19.93,11.665,0.64,0.0,4.120049327611923,9.54,0.855,0.835,0.0,2.075,0.115,0.445,0.7946428571428571
10695,337772544,1300869,8.0692498254776,19.505,11.54,0.64,0.0,4.072893500328064,9.6,0.7,0.91,0.0,1.97,0.09,0.43,0.8269230769230769
10700,337936384,1301340,9.447999992370605,20.89,12.3,0.69,0.0,3.86238332092762,10.575,0.8,1.155,0.0,2.15,0.1,0.38,0.7916666666666666
10705,338100224,1301819,9.040750188827515,20.835,12.085,0.68,0.0,4.341733068227768,10.56,0.72,0.73,0.0,2.305,0.15,0.46,0.7540983606557377
10710,338264064,1302295,5.978499965667725,19.14,11.215,0.65,0.0,8.55616956949234,9.31,0.705,0.78,0.0,2.04,0.115,0.39,0.7722772277227723
10715,338427904,1302762,11.864500169754029,21.485,12.81,0.735,0.0,7.570609539747238,10.925,0.85,0.785,0.0,2.23,0.135,0.38,0.7378640776699029
10720,338591744,1303231,10.013750095367431,20.71,12.44,0.72,0.0,4.4011024832725525,10.53,0.75,0.775,0.0,2.085,0.06,0.43,0.8775510204081632
10721,338624512,1303325,9.05200005054474,20.28,12.075,0.72,0.0,3.738298460841179,10.09,0.74,0.645,0.0,2.15,0.065,0.365,0.8488372093023255
